allele_name	gene_family	consensus_gene_name	consensus_product	threshold	alleles_at_maximum_threshold	number_genomes	average_dose	min_dose	max_dose	genomes_containing_fissions	genomes_containing_duplications	number_fission_loci	number_duplicated_loci	no_loci	products	gene_names	min_length(bp)	max_length(bp)	average_length(bp)	cluster	cluster_order	pQBR127	pQBR132	pQBR28	pQBR53	pQBR55	pQBR55R
g0045_0006	g0045	NA	PDDEXK-1 domain-containing protein	98	1	6	1	1	1	0	0	0	0	6	PDDEXK-1 domain-containing protein(6)	NA(6)	495	495	495.00	1	1	pQBR127_00109	pQBR132_00130	pQBR28_00108	pQBR53_00137	pQBR55_00136	pQBR55R_00112
g0093_0005	g0093	thiF	ThiF family protein%2C ubiquitin-activating enzyme	95	2	6	1	1	1	0	0	0	0	6	ThiF family protein%2C ubiquitin-activating enzyme(6)	thiF(6)	771	771	771.00	1	2	pQBR127_00108	pQBR132_00129	pQBR28_00107	pQBR53_00136	pQBR55_00135	pQBR55R_00111
g0096_0005	g0096	NA	PRTRC system protein B	95	2	6	1	1	1	0	0	0	0	6	PRTRC system protein B(6)	NA(6)	702	702	702.00	1	3	pQBR127_00107	pQBR132_00128	pQBR28_00106	pQBR53_00135	pQBR55_00134	pQBR55R_00110
g0080_0005	g0080	ycaO	YcaO domain-containing protein	95	2	6	1	1	1	0	0	0	0	6	YcaO domain-containing protein(6)	ycaO(6)	1467	1467	1467.00	1	4	pQBR127_00106	pQBR132_00127	pQBR28_00105	pQBR53_00134	pQBR55_00133	pQBR55R_00109
g0043_0006	g0043	NA	PRTRC system protein C	98	1	6	1	1	1	0	0	0	0	6	PRTRC system protein C(6)	NA(6)	213	213	213.00	1	5	pQBR127_00105	pQBR132_00126	pQBR28_00104	pQBR53_00133	pQBR55_00132	pQBR55R_00108
g0109_0005	g0109	NA	PRTRC system protein E	95	2	6	1	1	1	0	0	0	0	6	PRTRC system protein E(6)	NA(6)	480	480	480.00	1	6	pQBR127_00104	pQBR132_00125	pQBR28_00103	pQBR53_00132	pQBR55_00131	pQBR55R_00107
g0077_0005	g0077	parB	putative chromosome-partitioning protein ParB	95	2	6	1	1	1	0	0	0	0	6	putative chromosome-partitioning protein ParB(6)	parB(6)	1785	1794	1786.50	1	7	pQBR127_00103	pQBR132_00124	pQBR28_00102	pQBR53_00131	pQBR55_00130	pQBR55R_00106
g0140_0005	g0140	csrA	carbon storage regulator CsrA	95	2	6	1	1	1	0	0	0	0	6	carbon storage regulator CsrA(6)	csrA(6)	186	186	186.00	1	8	pQBR127_00102	pQBR132_00123	pQBR28_00101	pQBR53_00130	pQBR55_00129	pQBR55R_00105
g0034_0006	g0034	NA	putative transcriptional regulators	98	1	6	1	1	1	0	0	0	0	6	putative transcriptional regulators(6)	NA(6)	1014	1014	1014.00	1	9	pQBR127_00101	pQBR132_00122	pQBR28_00100	pQBR53_00129	pQBR55_00128	pQBR55R_00104
g0069_0005	g0069	NA	Transmembrane protein	95	3	6	1	1	1	0	0	0	0	6	Transmembrane protein(6)	NA(6)	285	285	285.00	1	10	pQBR127_00100	pQBR132_00121	pQBR28_00099	pQBR53_00128	pQBR55_00127	pQBR55R_00103
g0053_0006	g0053	NA	DUF2189 domain-containing protein	98	1	6	1	1	1	0	0	0	0	6	DUF2189 domain-containing protein(6)	NA(6)	828	828	828.00	1	11	pQBR127_00099	pQBR132_00120	pQBR28_00098	pQBR53_00127	pQBR55_00126	pQBR55R_00102
g0023_0006	g0023	NA	ARID domain-containing protein	98	1	6	1	1	1	0	0	0	0	6	ARID domain-containing protein(6)	NA(6)	648	648	648.00	1	12	pQBR127_00098	pQBR132_00119	pQBR28_00097	pQBR53_00126	pQBR55_00125	pQBR55R_00101
g0074_0005	g0074	NA	TraI-2 domain-containing protein	95	2	6	1	1	1	0	0	0	0	6	TraI-2 domain-containing protein(6)	NA(6)	2733	2733	2733.00	1	13	pQBR127_00097	pQBR132_00118	pQBR28_00096	pQBR53_00125	pQBR55_00124	pQBR55R_00100
g0020_0006	g0020	NA	Conjugal transfer protein	98	1	6	1	1	1	0	0	0	0	6	Conjugal transfer protein(6)	NA(6)	1872	1872	1872.00	1	14	pQBR127_00096	pQBR132_00117	pQBR28_00095	pQBR53_00124	pQBR55_00123	pQBR55R_00099
g0018_0006	g0018	NA	Programmed cell death protein	98	1	6	1	1	1	0	0	0	0	6	Programmed cell death protein(6)	NA(6)	423	423	423.00	1	15	pQBR127_00095	pQBR132_00116	pQBR28_00094	pQBR53_00123	pQBR55_00122	pQBR55R_00098
g0012_0006	g0012	NA	DUF4400 domain-containing protein	98	1	6	1	1	1	0	0	0	0	6	DUF4400 domain-containing protein(6)	NA(6)	645	645	645.00	1	16	pQBR127_00094	pQBR132_00115	pQBR28_00093	pQBR53_00122	pQBR55_00121	pQBR55R_00097
g0024_0006	g0024	NA	Thioredoxin-like-fold domain-containing protein	98	1	6	1	1	1	0	0	0	0	6	Thioredoxin-like-fold domain-containing protein(6)	NA(6)	855	855	855.00	1	17	pQBR127_00093	pQBR132_00114	pQBR28_00092	pQBR53_00121	pQBR55_00120	pQBR55R_00096
g0001_0006	g0001	traL	type IV conjugative transfer system protein TraL	98	1	6	1	1	1	0	0	0	0	6	type IV conjugative transfer system protein TraL(6)	traL(6)	282	282	282.00	1	18	pQBR127_00092	pQBR132_00113	pQBR28_00091	pQBR53_00120	pQBR55_00119	pQBR55R_00095
g0007_0006	g0007	traE	IncF plasmid conjugative transfer pilus assembly protein TraE	98	1	6	1	1	1	0	0	0	0	6	IncF plasmid conjugative transfer pilus assembly protein TraE(6)	traE(6)	648	648	648.00	1	19	pQBR127_00091	pQBR132_00112	pQBR28_00090	pQBR53_00119	pQBR55_00118	pQBR55R_00094
g0052_0006	g0052	traK	IncF plasmid conjugative transfer pilus assembly protein TraK	98	1	6	1	1	1	0	0	0	0	6	IncF plasmid conjugative transfer pilus assembly protein TraK(6)	traK(6)	1059	1059	1059.00	1	20	pQBR127_00090	pQBR132_00111	pQBR28_00089	pQBR53_00118	pQBR55_00117	pQBR55R_00093
g0035_0006	g0035	traB	IncF plasmid conjugative transfer pilus assembly protein TraB	98	1	6	1	1	1	0	0	0	0	6	IncF plasmid conjugative transfer pilus assembly protein TraB(6)	traB(6)	1323	1323	1323.00	1	21	pQBR127_00089	pQBR132_00110	pQBR28_00088	pQBR53_00117	pQBR55_00116	pQBR55R_00092
g0003_0006	g0003	traV	type IV conjugative transfer system lipoprotein TraV	98	1	6	1	1	1	0	0	0	0	6	type IV conjugative transfer system lipoprotein TraV(6)	traV(6)	522	522	522.00	1	22	pQBR127_00088	pQBR132_00109	pQBR28_00087	pQBR53_00116	pQBR55_00115	pQBR55R_00091
g0005_0006	g0005	traA	Conjugative transfer protein TraA	98	1	6	1	1	1	0	0	0	0	6	Conjugative transfer protein TraA(6)	traA(6)	360	360	360.00	1	23	pQBR127_00087	pQBR132_00108	pQBR28_00086	pQBR53_00115	pQBR55_00114	pQBR55R_00090
g0073_0005	g0073	NA	Tandem-95 repeat protein	95	2	6	1	1	1	0	0	0	0	6	Tandem-95 repeat protein(6)	NA(6)	6708	6708	6708.00	1	24	pQBR127_00086	pQBR132_00107	pQBR28_00085	pQBR53_00114	pQBR55_00113	pQBR55R_00089
g0027_0006	g0027	NA	Thiol:disulfide interchange protein	98	1	6	1	1	1	0	0	0	0	6	Thiol:disulfide interchange protein(6)	NA(6)	690	690	690.00	1	25	pQBR127_00085	pQBR132_00106	pQBR28_00084	pQBR53_00113	pQBR55_00112	pQBR55R_00088
g0038_0006	g0038	traC	type IV secretion system protein TraC	98	1	6	1	1	1	0	0	0	0	6	type IV secretion system protein TraC(5):hypothetical protein(1)	traC(5):NA(1)	174	2400	2029.00	1	26	pQBR127_00084	pQBR132_00105	pQBR28_00083	pQBR53_00087	pQBR55_00111	pQBR55R_00087
g0030_0006	g0030	cpaB	Flp pilus assembly protein CpaB	98	1	6	1	1	1	0	0	0	0	6	Flp pilus assembly protein CpaB(6)	cpaB(6)	309	309	309.00	1	27	pQBR127_00083	pQBR132_00104	pQBR28_00082	pQBR53_00086	pQBR55_00110	pQBR55R_00086
g0105_0005	g0105	lepB	signal peptidase I	95	2	6	1	1	1	0	0	0	0	6	signal peptidase I(6)	lepB(6)	519	519	519.00	1	28	pQBR127_00082	pQBR132_00103	pQBR28_00081	pQBR53_00085	pQBR55_00109	pQBR55R_00085
g0083_0004	g0083	traW	IncF plasmid conjugative transfer pilus assembly protein TraW	90	2	6	1	1	1	0	0	0	0	6	IncF plasmid conjugative transfer pilus assembly protein TraW(6)	traW(6)	1137	1137	1137.00	1	29	pQBR127_00081	pQBR132_00102	pQBR28_00080	pQBR53_00084	pQBR55_00108	pQBR55R_00084
g0098_0004	g0098	NA	EAL domain-containing protein	90	2	6	1	1	1	0	0	0	0	6	EAL domain-containing protein(6)	NA(6)	681	681	681.00	1	30	pQBR127_00080	pQBR132_00101	pQBR28_00079	pQBR53_00083	pQBR55_00107	pQBR55R_00083
g0042_0006	g0042	traU	Conjugal transfer protein TraU	98	1	6	1	1	1	0	0	0	0	6	Conjugal transfer protein TraU(6)	traU(6)	1023	1023	1023.00	1	31	pQBR127_00079	pQBR132_00100	pQBR28_00078	pQBR53_00082	pQBR55_00106	pQBR55R_00082
g0075_0005	g0075	traN	conjugal transfer mating pair stabilization protein TraN	95	2	6	1	1	1	0	0	0	0	6	conjugal transfer mating pair stabilization protein TraN(6)	traN(6)	2700	2700	2700.00	1	32	pQBR127_00078	pQBR132_00099	pQBR28_00077	pQBR53_00081	pQBR55_00105	pQBR55R_00081
g0137_0003	g0137	phoU	DUF2767 domain-containing protein	80	2	6	1	1	1	0	0	0	0	6	DUF2767 domain-containing protein(5):Phosphate transport system regulatory protein PhoU(1)	NA(5):phoU(1)	231	231	231.00	1	33	pQBR127_00077	pQBR132_00097	pQBR28_00076	pQBR53_00080	pQBR55_00104	pQBR55R_00080
g0136_0002	g0136	NA	Conserved hypothethical protein	70	2	6	1	1	1	0	0	0	0	6	Conserved hypothethical protein(5):HNH endonuclease(1)	NA(6)	246	246	246.00	1	34	pQBR127_00076	pQBR132_00096	pQBR28_00075	pQBR53_00079	pQBR55_00103	pQBR55R_00079
g0135_0003	g0135	NA	M3 family oligoendopeptidase	80	2	6	1	1	1	0	0	0	0	6	M3 family oligoendopeptidase(5):Orphan protein(1)	NA(6)	246	246	246.00	2	1	pQBR127_00073	pQBR132_00093	pQBR28_00072	pQBR53_00076	pQBR55_00100	pQBR55R_00076
g0050_0006	g0050	NA	Lipoprotein	98	1	6	1	1	1	0	0	0	0	6	Lipoprotein(6)	NA(6)	846	846	846.00	2	2	pQBR127_00072	pQBR132_00092	pQBR28_00071	pQBR53_00075	pQBR55_00099	pQBR55R_00075
g0036_0006	g0036	NA	DUF1845 domain-containing protein	98	1	6	1	1	1	0	0	0	0	6	DUF1845 domain-containing protein(6)	NA(6)	759	759	759.00	2	3	pQBR127_00071	pQBR132_00091	pQBR28_00070	pQBR53_00074	pQBR55_00098	pQBR55R_00074
g0048_0006	g0048	NA	Secreted protein	98	1	6	1	1	1	0	0	0	0	6	Secreted protein(6)	NA(6)	276	276	276.00	2	4	pQBR127_00069	pQBR132_00089	pQBR28_00068	pQBR53_00072	pQBR55_00096	pQBR55R_00072
g0019_0006	g0019	NA	CBS domain-containing protein	98	1	6	1	1	1	0	0	0	0	6	CBS domain-containing protein(6)	NA(6)	186	186	186.00	2	5	pQBR127_00068	pQBR132_00088	pQBR28_00067	pQBR53_00071	pQBR55_00095	pQBR55R_00071
g0104_0002	g0104	NA	Single-stranded DNA-binding protein	70	2	6	1	1	1	0	0	0	0	6	Single-stranded DNA-binding protein(6)	NA(6)	516	522	521.00	2	6	pQBR127_00067	pQBR132_00087	pQBR28_00066	pQBR53_00070	pQBR55_00094	pQBR55R_00070
g0037_0006	g0037	recT	Recombinase RecT	98	1	6	1	1	1	0	0	0	0	6	Recombinase RecT(6)	recT(6)	1098	1098	1098.00	2	7	pQBR127_00066	pQBR132_00086	pQBR28_00065	pQBR53_00069	pQBR55_00093	pQBR55R_00069
g0026_0006	g0026	yqaJ	YqaJ domain-containing protein	98	1	6	1	1	1	0	0	0	0	6	YqaJ domain-containing protein(6)	yqaJ(6)	996	996	996.00	2	8	pQBR127_00065	pQBR132_00085	pQBR28_00064	pQBR53_00068	pQBR55_00092	pQBR55R_00068
g0022_0006	g0022	NA	AAA domain-containing protein	98	1	6	1	1	1	0	0	0	0	6	AAA domain-containing protein(6)	NA(6)	1047	1047	1047.00	2	9	pQBR127_00064	pQBR132_00084	pQBR28_00063	pQBR53_00067	pQBR55_00091	pQBR55R_00067
g0113_0005	g0113	NA	Tir chaperone family protein	95	2	6	1	1	1	0	0	0	0	6	Tir chaperone family protein(6)	NA(6)	462	462	462.00	2	10	pQBR127_00063	pQBR132_00083	pQBR28_00062	pQBR53_00066	pQBR55_00090	pQBR55R_00066
g0060_0006	g0060	NA	Cobalamine biosynthesis protein	98	1	6	1	1	1	0	0	0	0	6	Cobalamine biosynthesis protein(6)	NA(6)	1185	1185	1185.00	2	11	pQBR127_00062	pQBR132_00082	pQBR28_00061	pQBR53_00065	pQBR55_00089	pQBR55R_00065
g0078_0005	g0078	NA	VWFA domain-containing protein	95	2	6	1	1	1	0	0	0	0	6	VWFA domain-containing protein(6)	NA(6)	1716	1716	1716.00	2	12	pQBR127_00061	pQBR132_00081	pQBR28_00060	pQBR53_00064	pQBR55_00088	pQBR55R_00064
g0062_0006	g0062	NA	Baseplate protein	98	1	6	1	1	1	0	0	0	0	6	Baseplate protein(6)	NA(6)	453	453	453.00	2	13	pQBR127_00060	pQBR132_00080	pQBR28_00059	pQBR53_00063	pQBR55_00087	pQBR55R_00063
g0041_0006	g0041	NA	Integrase	98	1	6	1	1	1	0	0	0	0	6	Integrase(6)	NA(6)	246	246	246.00	2	14	pQBR127_00059	pQBR132_00079	pQBR28_00058	pQBR53_00062	pQBR55_00086	pQBR55R_00062
g0033_0006	g0033	NA	DNA adenine modification methylase	98	1	6	1	1	1	0	0	0	0	6	DNA adenine modification methylase(6)	NA(6)	882	882	882.00	2	15	pQBR127_00058	pQBR132_00078	pQBR28_00057	pQBR53_00061	pQBR55_00085	pQBR55R_00061
g0123_0005	g0123	NA	Nif11 domain-containing protein	95	2	6	1	1	1	0	0	0	0	6	Nif11 domain-containing protein(6)	NA(6)	381	381	381.00	2	16	pQBR127_00056	pQBR132_00076	pQBR28_00056	pQBR53_00059	pQBR55_00083	pQBR55R_00059
g0095_0005	g0095	NA	Phosducin domain-containing protein	95	2	6	1	1	1	0	0	0	0	6	Phosducin domain-containing protein(6)	NA(6)	729	729	729.00	2	17	pQBR127_00055	pQBR132_00075	pQBR28_00055	pQBR53_00058	pQBR55_00082	pQBR55R_00058
g0097_0004	g0097	NA	DUF4299 domain-containing protein	90	2	6	1	1	1	0	0	0	0	6	DUF4299 domain-containing protein(6)	NA(6)	696	696	696.00	2	18	pQBR127_00054	pQBR132_00074	pQBR28_00054	pQBR53_00057	pQBR55_00081	pQBR55R_00057
g0040_0006	g0040	NA	ABC transporter permease	98	1	6	1	1	1	0	0	0	0	6	ABC transporter permease(6)	NA(6)	213	213	213.00	2	19	pQBR127_00053	pQBR132_00073	pQBR28_00053	pQBR53_00056	pQBR55_00080	pQBR55R_00056
g0143_0003	g0143	NA	ABC transporter ATP-binding protein	80	2	6	1	1	1	0	0	0	0	6	ABC transporter ATP-binding protein(6)	NA(6)	123	123	123.00	2	20	pQBR127_00051	pQBR132_00071	pQBR28_00051	pQBR53_00054	pQBR55_00078	pQBR55R_00054
g0142_0004	g0142	copG	CopG family transcriptional regulator	90	2	6	1	1	1	0	0	0	0	6	CopG family transcriptional regulator(6)	copG(6)	141	141	141.00	2	21	pQBR127_00050	pQBR132_00070	pQBR28_00050	pQBR53_00053	pQBR55_00077	pQBR55R_00053
g0054_0006	g0054	NA	Prim-Zn-Ribbon domain-containing protein	98	1	6	1	1	1	0	0	0	0	6	Prim-Zn-Ribbon domain-containing protein(6)	NA(6)	1128	1128	1128.00	2	22	pQBR127_00049	pQBR132_00069	pQBR28_00049	pQBR53_00052	pQBR55_00076	pQBR55R_00052
g0131_0004	g0131	NA	hypothetical protein	90	2	6	1	1	1	0	0	0	0	6	hypothetical protein(6)	NA(6)	285	285	285.00	2	23	pQBR127_00048	pQBR132_00068	pQBR28_00048	pQBR53_00051	pQBR55_00075	pQBR55R_00051
g0094_0005	g0094	NA	LAGLIDADG-2 domain-containing protein	95	2	6	1	1	1	0	0	0	0	6	LAGLIDADG-2 domain-containing protein(6)	NA(6)	735	735	735.00	2	24	pQBR127_00047	pQBR132_00067	pQBR28_00047	pQBR53_00050	pQBR55_00074	pQBR55R_00050
g0112_0005	g0112	NA	Phage protein	95	2	6	1	1	1	0	0	0	0	6	Phage protein(6)	NA(6)	462	462	462.00	2	25	pQBR127_00046	pQBR132_00066	pQBR28_00046	pQBR53_00049	pQBR55_00073	pQBR55R_00049
g0085_0005	g0085	NA	Tyr recombinase domain-containing protein	95	2	6	1	1	1	0	0	0	0	6	Tyr recombinase domain-containing protein(6)	NA(6)	879	1059	909.00	2	26	pQBR127_00045	pQBR132_00065	pQBR28_00045	pQBR53_00048	pQBR55_00072	pQBR55R_00048
g0061_0006	g0061	NA	ISAzo13 family transposase	98	1	6	1	1	1	0	0	0	0	6	ISAzo13 family transposase(6)	NA(6)	303	303	303.00	2	27	pQBR127_00044	pQBR132_00064	pQBR28_00044	pQBR53_00047	pQBR55_00071	pQBR55R_00047
g0086_0005	g0086	traF	IncF plasmid conjugative transfer pilus assembly protein TraF	95	2	6	1	1	1	0	0	0	0	6	IncF plasmid conjugative transfer pilus assembly protein TraF(6)	traF(6)	1029	1029	1029.00	2	28	pQBR127_00043	pQBR132_00063	pQBR28_00043	pQBR53_00046	pQBR55_00070	pQBR55R_00046
g0039_0006	g0039	traH	Conjugal transfer protein TraH	98	1	6	1	1	1	0	0	0	0	6	Conjugal transfer protein TraH(6)	traH(6)	1425	1425	1425.00	2	29	pQBR127_00042	pQBR132_00062	pQBR28_00042	pQBR53_00045	pQBR55_00069	pQBR55R_00045
g0057_0006	g0057	NA	TraG-N domain-containing protein	98	1	6	1	1	1	0	0	0	0	6	TraG-N domain-containing protein(6)	NA(6)	2970	2970	2970.00	2	30	pQBR127_00041	pQBR132_00061	pQBR28_00041	pQBR53_00044	pQBR55_00068	pQBR55R_00044
g0103_0005	g0103	NA	Glycogen phosphorylase	95	2	6	1	1	1	0	0	0	0	6	Glycogen phosphorylase(6)	NA(6)	570	570	570.00	2	31	pQBR127_00040	pQBR132_00060	pQBR28_00040	pQBR53_00043	pQBR55_00067	pQBR55R_00043
g0119_0004	g0119	NA	Phage tail protein	90	2	6	1	1	1	0	0	0	0	6	Phage tail protein(6)	NA(6)	378	405	382.50	2	32	pQBR127_00039	pQBR132_00059	pQBR28_00039	pQBR53_00042	pQBR55_00066	pQBR55R_00042
g0139_0003	g0139	NA	Beta-ketoadipyl CoA thiolase	80	2	6	1	1	1	0	0	0	0	6	Beta-ketoadipyl CoA thiolase(6)	NA(6)	198	198	198.00	3	1	pQBR127_00013	pQBR132_00022	pQBR28_00013	pQBR53_00017	pQBR55_00017	pQBR55R_00017
g0063_0004	g0063	NA	Abasic site processing protein	90	3	6	1	1	1	0	0	0	0	6	Abasic site processing protein(4):SOS response associated peptidase (SRAP)(1):SOS response-associated peptidase family protein(1)	NA(6)	165	642	543.50	3	2	pQBR127_00015	pQBR132_00023	pQBR28_00014	pQBR53_00018	pQBR55_00018	pQBR55R_00018
g0082_0004	g0082	NA	DNA polymerase IV	90	2	6	1	1	1	0	0	0	0	6	DNA polymerase IV(6)	NA(6)	1299	1299	1299.00	3	3	pQBR127_00016	pQBR132_00024	pQBR28_00016	pQBR53_00019	pQBR55_00019	pQBR55R_00019
g0116_0005	g0116	NA	Translesion error-prone DNA polymerase V autoproteolytic subunit	95	2	6	1	1	1	0	0	0	0	6	Translesion error-prone DNA polymerase V autoproteolytic subunit(6)	NA(6)	435	435	435.00	3	4	pQBR127_00017	pQBR132_00025	pQBR28_00017	pQBR53_00020	pQBR55_00020	pQBR55R_00020
g0084_0005	g0084	NA	AlbA-2 domain-containing protein	95	2	6	1	1	1	0	0	0	0	6	AlbA-2 domain-containing protein(6)	NA(6)	1098	1098	1098.00	3	5	pQBR127_00018	pQBR132_00026	pQBR28_00018	pQBR53_00021	pQBR55_00021	pQBR55R_00021
g0100_0004	g0100	NA	HEPN-Cthe2314 domain-containing protein	90	2	6	1	1	1	0	0	0	0	6	HEPN-Cthe2314 domain-containing protein(6)	NA(6)	648	648	648.00	3	6	pQBR127_00019	pQBR132_00027	pQBR28_00019	pQBR53_00022	pQBR55_00022	pQBR55R_00022
g0021_0006	g0021	NA	Replication initiator protein	98	1	6	1	1	1	0	0	0	0	6	Replication initiator protein(6)	NA(6)	753	753	753.00	3	7	pQBR127_00020	pQBR132_00028	pQBR28_00020	pQBR53_00023	pQBR55_00023	pQBR55R_00023
g0090_0004	g0090	NA	DUF3267 domain-containing protein	90	2	6	1	1	1	0	0	0	0	6	DUF3267 domain-containing protein(6)	NA(6)	894	894	894.00	3	8	pQBR127_00021	pQBR132_00029	pQBR28_00021	pQBR53_00024	pQBR55_00048	pQBR55R_00024
g0141_0004	g0141	NA	Secreted protein	90	2	6	1	1	1	0	0	0	0	6	Secreted protein(6)	NA(6)	183	183	183.00	3	9	pQBR127_00022	pQBR132_00030	pQBR28_00022	pQBR53_00025	pQBR55_00049	pQBR55R_00025
g0132_0004	g0132	NA	DUF29 domain-containing protein	90	2	6	1	1	1	0	0	0	0	6	DUF29 domain-containing protein(6)	NA(6)	264	264	264.00	3	10	pQBR127_00023	pQBR132_00032	pQBR28_00023	pQBR53_00026	pQBR55_00050	pQBR55R_00026
g0046_0006	g0046	NA	DUF2383 domain-containing protein	98	1	6	1	1	1	0	0	0	0	6	DUF2383 domain-containing protein(6)	NA(6)	480	480	480.00	3	11	pQBR127_00024	pQBR132_00033	pQBR28_00024	pQBR53_00027	pQBR55_00051	pQBR55R_00027
g0044_0006	g0044	NA	ALP-N domain-containing protein	98	1	6	1	1	1	0	0	0	0	6	ALP-N domain-containing protein(6)	NA(6)	1014	1032	1017.00	3	12	pQBR127_00025	pQBR132_00034	pQBR28_00025	pQBR53_00028	pQBR55_00052	pQBR55R_00028
g0128_0005	g0128	NA	Type III secretion protein	95	2	6	1	1	1	0	0	0	0	6	Type III secretion protein(6)	NA(6)	351	351	351.00	3	13	pQBR127_00026	pQBR132_00035	pQBR28_00026	pQBR53_00029	pQBR55_00053	pQBR55R_00029
g0099_0005	g0099	NA	Methylase-S domain-containing protein	95	2	6	1	1	1	0	0	0	0	6	Methylase-S domain-containing protein(6)	NA(6)	651	675	655.00	3	14	pQBR127_00027	pQBR132_00036	pQBR28_00027	pQBR53_00030	pQBR55_00054	pQBR55R_00030
g0017_0006	g0017	NA	HTH cro/C1-type domain-containing protein	98	1	6	1	1	1	0	0	0	0	6	HTH cro/C1-type domain-containing protein(6)	NA(6)	690	690	690.00	3	15	pQBR127_00028	pQBR132_00037	pQBR28_00028	pQBR53_00031	pQBR55_00055	pQBR55R_00031
g0055_0006	g0055	NA	SLT domain-containing protein	98	1	6	1	1	1	0	0	0	0	6	SLT domain-containing protein(6)	NA(6)	561	561	561.00	3	16	pQBR127_00029	pQBR132_00038	pQBR28_00029	pQBR53_00032	pQBR55_00056	pQBR55R_00032
g0004_0006	g0004	NA	MCD-N domain-containing protein	98	1	6	1	1	1	0	0	0	0	6	MCD-N domain-containing protein(6)	NA(6)	477	477	477.00	3	17	pQBR127_00030	pQBR132_00039	pQBR28_00030	pQBR53_00033	pQBR55_00057	pQBR55R_00033
g0032_0006	g0032	flhC	Flagellar transcriptional activator FlhC	98	1	6	1	1	1	0	0	0	0	6	Flagellar transcriptional activator FlhC(6)	flhC(6)	651	651	651.00	3	18	pQBR127_00031	pQBR132_00040	pQBR28_00031	pQBR53_00034	pQBR55_00058	pQBR55R_00034
g0079_0005	g0079	NA	DNA helicase	95	2	6	1	1	1	0	0	0	0	6	DNA helicase(6)	NA(6)	1482	1482	1482.00	3	19	pQBR127_00032	pQBR132_00041	pQBR28_00032	pQBR53_00035	pQBR55_00059	pQBR55R_00035
g0002_0006	g0002	NA	Partitioning protein	98	1	6	1	1	1	0	0	0	0	6	Partitioning protein(6)	NA(6)	813	813	813.00	3	20	pQBR127_00033	pQBR132_00042	pQBR28_00033	pQBR53_00036	pQBR55_00060	pQBR55R_00036
g0059_0006	g0059	parB	ParB domain-containing protein	98	1	6	1	1	1	0	0	0	0	6	ParB domain-containing protein(6)	parB(6)	975	975	975.00	3	21	pQBR127_00034	pQBR132_00043	pQBR28_00034	pQBR53_00037	pQBR55_00061	pQBR55R_00037
g0110_0004	g0110	NA	Histidine kinase	90	2	6	1	1	1	0	0	0	0	6	Histidine kinase(6)	NA(6)	474	474	474.00	3	22	pQBR127_00035	pQBR132_00044	pQBR28_00035	pQBR53_00038	pQBR55_00062	pQBR55R_00038
g0008_0006	g0008	NA	Transposase	98	1	6	1	1	1	0	0	0	0	6	Transposase(6)	NA(6)	390	390	390.00	4	1	pQBR127_00134	pQBR132_00049	pQBR28_00166	pQBR53_00156	pQBR55_00155	pQBR55R_00131
g0006_0006	g0006	tnpB	IS66 family insertion sequence element accessory protein TnpB	98	1	6	1	1	1	0	0	0	0	6	IS66 family insertion sequence element accessory protein TnpB(6)	tnpB(6)	345	345	345.00	4	2	pQBR127_00135	pQBR132_00050	pQBR28_00165	pQBR53_00157	pQBR55_00156	pQBR55R_00132
g0009_0006	g0009	NA	IS66 family transposase	98	1	6	1	1	1	0	0	0	0	6	IS66 family transposase(6)	NA(6)	1506	1506	1506.00	4	3	pQBR127_00136	pQBR132_00051	pQBR28_00164	pQBR53_00158	pQBR55_00157	pQBR55R_00133
g0016_0006	g0016	tnpR	TnpR protein	98	1	6	1	1	1	0	0	0	0	6	TnpR protein(6)	tnpR(6)	300	300	300.00	4	4	pQBR127_00137	pQBR132_00052	pQBR28_00163	pQBR53_00159	pQBR55_00158	pQBR55R_00134
g0013_0006	g0013	merB	organomercurial lyase MerB	98	1	6	1	1	1	0	0	0	0	6	organomercurial lyase MerB(6)	merB(6)	639	639	639.00	4	5	pQBR127_00138	pQBR132_00053	pQBR28_00162	pQBR53_00160	pQBR55_00159	pQBR55R_00135
g0025_0006	g0025	merA	mercury(II) reductase	98	1	6	1	1	1	0	0	0	0	6	mercury(II) reductase(6)	merA(6)	1683	1683	1683.00	4	6	pQBR127_00139	pQBR132_00054	pQBR28_00161	pQBR53_00161	pQBR55_00160	pQBR55R_00136
g0011_0006	g0011	merC	organomercurial transporter MerC	98	1	6	1	1	1	0	0	0	0	6	organomercurial transporter MerC(6)	merC(6)	435	435	435.00	4	7	pQBR127_00140	pQBR132_00055	pQBR28_00160	pQBR53_00162	pQBR55_00161	pQBR55R_00137
g0014_0006	g0014	merP	mercury resistance system periplasmic binding protein MerP	98	1	6	1	1	1	0	0	0	0	6	mercury resistance system periplasmic binding protein MerP(6)	merP(6)	276	276	276.00	4	8	pQBR127_00141	pQBR132_00056	pQBR28_00159	pQBR53_00163	pQBR55_00162	pQBR55R_00138
g0010_0006	g0010	merT	mercuric ion transporter MerT	98	1	6	1	1	1	0	0	0	0	6	mercuric ion transporter MerT(6)	merT(6)	351	351	351.00	4	9	pQBR127_00142	pQBR132_00057	pQBR28_00158	pQBR53_00164	pQBR55_00163	pQBR55R_00139
g0015_0006	g0015	merR	Hg(II)-responsive transcriptional regulator	98	1	6	1	1	1	0	0	0	0	6	Hg(II)-responsive transcriptional regulator(6)	merR(6)	432	432	432.00	4	10	pQBR127_00143	pQBR132_00058	pQBR28_00157	pQBR53_00165	pQBR55_00164	pQBR55R_00140
g0091_0004	g0091	NA	Protein-disulfide isomerase	90	2	6	1	1	1	0	0	0	0	6	Protein-disulfide isomerase(6)	NA(6)	873	873	873.00	5	1	pQBR127_00150	pQBR132_00145	pQBR28_00134	pQBR53_00172	pQBR55_00171	pQBR55R_00147
g0118_0005	g0118	NA	TraR/DksA C4-type zinc finger protein	95	2	6	1	1	1	0	0	0	0	6	TraR/DksA C4-type zinc finger protein(6)	NA(6)	405	405	405.00	5	2	pQBR127_00151	pQBR132_00146	pQBR28_00135	pQBR53_00173	pQBR55_00172	pQBR55R_00148
g0089_0003	g0089	NA	Alpha/beta hydrolase	80	2	6	1	1	1	0	0	0	0	6	Alpha/beta hydrolase(6)	NA(6)	903	906	903.50	5	3	pQBR127_00152	pQBR132_00147	pQBR28_00136	pQBR53_00174	pQBR55_00173	pQBR55R_00149
g0114_0002	g0114	NA	DUF3846 domain-containing protein	70	2	6	1	1	1	0	0	0	0	6	DUF3846 domain-containing protein(5):DUF4347 domain-containing protein(1)	NA(6)	432	450	447.00	5	4	pQBR127_00153	pQBR132_00148	pQBR28_00137	pQBR53_00175	pQBR55_00174	pQBR55R_00150
g0107_0001	g0107	NA	Transcriptional regulator	60	2	6	1	1	1	0	0	0	0	6	Transcriptional regulator(5):DUF2384 domain-containing protein(1)	NA(6)	498	498	498.00	5	5	pQBR127_00155	pQBR132_00149	pQBR28_00139	pQBR53_00177	pQBR55_00176	pQBR55R_00152
g0108_0002	g0108	NA	Cytochrome P450	70	2	6	1	1	1	0	0	0	0	6	Cytochrome P450(6)	NA(6)	480	489	487.50	5	6	pQBR127_00156	pQBR132_00150	pQBR28_00140	pQBR53_00178	pQBR55_00177	pQBR55R_00153
g0115_0002	g0115	NA	DUF2489 domain-containing protein	70	2	6	1	1	1	0	0	0	0	6	DUF2489 domain-containing protein(6)	NA(6)	444	444	444.00	5	7	pQBR127_00157	pQBR132_00151	pQBR28_00141	pQBR53_00179	pQBR55_00178	pQBR55R_00154
g0111_0003	g0111	NA	DUF3955 domain-containing protein	80	2	6	1	1	1	0	0	0	0	6	DUF3955 domain-containing protein(5):DUF3429 domain-containing protein(1)	NA(6)	474	474	474.00	5	8	pQBR127_00158	pQBR132_00152	pQBR28_00142	pQBR53_00180	pQBR55_00179	pQBR55R_00155
g0117_0002	g0117	NA	Lipoprotein	70	2	6	1	1	1	0	0	0	0	6	Lipoprotein(6)	NA(6)	420	426	421.00	5	9	pQBR127_00159	pQBR132_00153	pQBR28_00143	pQBR53_00181	pQBR55_00180	pQBR55R_00156
g0066_0005	g0066	NA	Acetyltransferase%2C GNAT family	95	3	6	1	1	1	0	0	0	0	6	Acetyltransferase%2C GNAT family(6)	NA(6)	699	699	699.00	5	10	pQBR127_00160	pQBR132_00154	pQBR28_00144	pQBR53_00182	pQBR55_00181	pQBR55R_00157
g0071_0004	g0071	NA	DUF4376 domain-containing protein	90	3	6	1	1	1	0	0	0	0	6	DUF4376 domain-containing protein(5):Dirigent protein(1)	NA(6)	270	273	272.50	6	1	pQBR127_00169	pQBR132_00167	pQBR28_00167	pQBR53_00191	pQBR55_00190	pQBR55R_00166
g0067_0003	g0067	NA	thermonuclease family protein	80	3	6	1	1	1	0	0	0	0	6	thermonuclease family protein(4):Thermonuclease family protein(2)	NA(6)	483	504	497.00	6	2	pQBR127_00170	pQBR132_00168	pQBR28_00168	pQBR53_00192	pQBR55_00191	pQBR55R_00167
g0065_0005	g0065	NA	SUN domain-containing protein	95	3	6	1	1	1	0	0	0	0	6	SUN domain-containing protein(6)	NA(6)	747	747	747.00	6	3	pQBR127_00171	pQBR132_00170	pQBR28_00170	pQBR53_00193	pQBR55_00192	pQBR55R_00168
g0028_0006	g0028	NA	PAPS-reduct domain-containing protein	98	1	6	1	1	1	0	0	0	0	6	PAPS-reduct domain-containing protein(6)	NA(6)	963	963	963.00	6	4	pQBR127_00172	pQBR132_00171	pQBR28_00171	pQBR53_00194	pQBR55_00193	pQBR55R_00169
g0101_0005	g0101	NA	Zf-DNA-Pol domain-containing protein	95	2	6	1	1	1	0	0	0	0	6	Zf-DNA-Pol domain-containing protein(6)	NA(6)	627	627	627.00	6	5	pQBR127_00173	pQBR132_00172	pQBR28_00172	pQBR53_00195	pQBR55_00194	pQBR55R_00170
g0049_0006	g0049	NA	DUF4942 domain-containing protein	98	1	6	1	1	1	0	0	0	0	6	DUF4942 domain-containing protein(6)	NA(6)	1707	1707	1707.00	6	6	pQBR127_00174	pQBR132_00173	pQBR28_00173	pQBR53_00196	pQBR55_00195	pQBR55R_00171
g0127_0005	g0127	NA	PKS-DH domain-containing protein	95	2	6	1	1	1	0	0	0	0	6	PKS-DH domain-containing protein(6)	NA(6)	366	366	366.00	6	7	pQBR127_00175	pQBR132_00174	pQBR28_00174	pQBR53_00197	pQBR55_00196	pQBR55R_00172
g0125_0005	g0125	NA	DUF4065 domain-containing protein	95	2	6	1	1	1	0	0	0	0	6	DUF4065 domain-containing protein(6)	NA(6)	381	381	381.00	6	8	pQBR127_00176	pQBR132_00175	pQBR28_00175	pQBR53_00198	pQBR55_00197	pQBR55R_00173
g0051_0006	g0051	NA	Transposase	98	1	6	1	1	1	0	0	0	0	6	Transposase(6)	NA(6)	180	180	180.00	6	9	pQBR127_00177	pQBR132_00176	pQBR28_00176	pQBR53_00199	pQBR55_00198	pQBR55R_00174
g0058_0006	g0058	ccmD	CcmD family protein	98	1	6	1	1	1	0	0	0	0	6	CcmD family protein(6)	ccmD(6)	165	165	165.00	7	1	pQBR127_00009	pQBR132_00011	pQBR28_00009	pQBR53_00009	pQBR55_00009	pQBR55R_00009
g0129_0004	g0129	NA	Inorganic phosphate transporter	90	2	6	1	1	1	0	0	0	0	6	Inorganic phosphate transporter(3):Na-Ca-ex domain-containing protein(2):Na+/proline symporter(1)	NA(6)	192	327	257.50	7	2	pQBR127_00008	pQBR132_00010	pQBR28_00008	pQBR53_00008	pQBR55_00008	pQBR55R_00008
g0031_0006	g0031	NA	Iron ABC transporter permease	98	1	6	1	1	1	0	0	0	0	6	Iron ABC transporter permease(6)	NA(6)	321	327	324.00	7	3	pQBR127_00007	pQBR132_00009	pQBR28_00007	pQBR53_00007	pQBR55_00007	pQBR55R_00007
g0047_0006	g0047	NA	Phage protein	98	1	6	1	1	1	0	0	0	0	6	Phage protein(6)	NA(6)	237	237	237.00	7	4	pQBR127_00006	pQBR132_00008	pQBR28_00006	pQBR53_00006	pQBR55_00006	pQBR55R_00006
g0106_0005	g0106	NA	Phage protein	95	2	6	1	1	1	0	0	0	0	6	Phage protein(6)	NA(6)	504	504	504.00	7	5	pQBR127_00005	pQBR132_00007	pQBR28_00005	pQBR53_00005	pQBR55_00005	pQBR55R_00005
g0121_0005	g0121	NA	Centromere protein L	95	2	6	1	1	1	0	0	0	0	6	Centromere protein L(6)	NA(6)	384	384	384.00	8	1	pQBR127_00165	pQBR132_00163	pQBR28_00152	pQBR53_00187	pQBR55_00186	pQBR55R_00162
g0064_0004	g0064	NA	HTH-35 domain-containing protein	90	3	6	1	1	1	0	0	0	0	6	HTH-35 domain-containing protein(6)	NA(6)	1104	1104	1104.00	8	2	pQBR127_00166	pQBR132_00164	pQBR28_00153	pQBR53_00188	pQBR55_00187	pQBR55R_00163
g0070_0004	g0070	NA	Type I site-specific deoxyribonuclease	90	3	6	1	1	1	0	0	0	0	6	Type I site-specific deoxyribonuclease(6)	NA(6)	234	282	242.00	8	3	pQBR127_00167	pQBR132_00165	pQBR28_00154	pQBR53_00189	pQBR55_00188	pQBR55R_00164
g0072_0002	g0072	copG	CopG family transcriptional regulator	70	3	6	1	1	1	0	0	0	0	6	CopG family transcriptional regulator(6)	copG(6)	198	234	204.00	8	4	pQBR127_00168	pQBR132_00166	pQBR28_00156	pQBR53_00190	pQBR55_00189	pQBR55R_00165
g0087_0005	g0087	NA	DNA replication terminus site-binding protein	95	2	6	1	1	1	0	0	0	0	6	DNA replication terminus site-binding protein(6)	NA(6)	954	978	958.00	9	1	pQBR127_00036	pQBR132_00046	pQBR28_00036	pQBR53_00039	pQBR55_00063	pQBR55R_00039
g0092_0005	g0092	NA	Protein p12	95	2	6	1	1	1	0	0	0	0	6	Protein p12(6)	NA(6)	825	825	825.00	9	2	pQBR127_00037	pQBR132_00047	pQBR28_00037	pQBR53_00040	pQBR55_00064	pQBR55R_00040
g0122_0003	g0122	NA	M20/M25/M40 family metallo-hydrolase	80	2	6	1	1	1	0	0	0	0	6	M20/M25/M40 family metallo-hydrolase(5):hypothetical protein(1)	NA(6)	234	384	259.00	9	3	pQBR127_00038	pQBR132_00048	pQBR28_00038	pQBR53_00041	pQBR55_00065	pQBR55R_00041
g0126_0005	g0126	NA	DUF1294 domain-containing protein	95	2	6	1	1	1	0	0	0	0	6	DUF1294 domain-containing protein(6)	NA(6)	366	366	366.00	10	1	pQBR127_00163	pQBR132_00158	pQBR28_00147	pQBR53_00185	pQBR55_00184	pQBR55R_00160
g0088_0005	g0088	NA	Periplasmic serine proteases (ClpP class)	95	2	6	1	1	1	0	0	0	0	6	Periplasmic serine proteases (ClpP class)(6)	NA(6)	936	936	936.00	10	2	pQBR127_00162	pQBR132_00157	pQBR28_00146	pQBR53_00184	pQBR55_00183	pQBR55R_00159
g0134_0004	g0134	NA	Lipoprotein	90	2	6	1	1	1	0	0	0	0	6	Lipoprotein(6)	NA(6)	255	255	255.00	10	3	pQBR127_00161	pQBR132_00156	pQBR28_00145	pQBR53_00183	pQBR55_00182	pQBR55R_00158
g0056_0006	g0056	dnaB	replicative DNA helicase	98	1	6	1	1	1	0	0	0	0	6	replicative DNA helicase(6)	dnaB(6)	1524	1524	1524.00	11	1	pQBR127_00001	pQBR132_00001	pQBR28_00001	pQBR53_00001	pQBR55_00001	pQBR55R_00001
g0081_0005	g0081	dnaB	replicative DNA helicase	95	2	6	1	1	1	0	0	0	0	6	replicative DNA helicase(6)	dnaB(6)	1395	1395	1395.00	11	2	pQBR127_00002	pQBR132_00002	pQBR28_00002	pQBR53_00002	pQBR55_00002	pQBR55R_00002
g0029_0006	g0029	NA	DNA helicase	98	1	6	1	1	1	0	0	0	0	6	DNA helicase(6)	NA(6)	1497	1497	1497.00	12	1	pQBR127_00145	pQBR132_00140	pQBR28_00129	pQBR53_00167	pQBR55_00166	pQBR55R_00142
g0068_0004	g0068	NA	hypothetical protein	90	3	6	1	1	1	0	0	0	0	6	hypothetical protein(3):Lipoprotein(3)	NA(6)	273	390	331.50	12	2	pQBR127_00144	pQBR132_00139	pQBR28_00128	pQBR53_00166	pQBR55_00165	pQBR55R_00141
g0076_0005	g0076	topA	type I DNA topoisomerase	95	2	6	1	1	1	0	0	0	0	6	type I DNA topoisomerase(6)	topA(6)	2166	2166	2166.00	13	1	pQBR127_00132	pQBR132_00137	pQBR28_00126	pQBR53_00154	pQBR55_00153	pQBR55R_00129
g0232_0006	g0232	NA	Tyr recombinase domain-containing protein	98	1	5	1	1	1	0	0	0	0	5	Tyr recombinase domain-containing protein(5)	NA(5)	162	162	162.00	14	1	pQBR127_00110		pQBR28_00109	pQBR53_00138	pQBR55_00137	pQBR55R_00113
g0206_0006	g0206	pbsX	PbsX family transcriptional regulator	98	1	5	1	1	1	0	0	0	0	5	PbsX family transcriptional regulator(5)	pbsX(5)	255	255	255.00	14	2	pQBR127_00111		pQBR28_00110	pQBR53_00139	pQBR55_00138	pQBR55R_00114
g0176_0006	g0176	chpB	type II toxin-antitoxin system ChpB family toxin	98	1	5	1	1	1	0	0	0	0	5	type II toxin-antitoxin system ChpB family toxin(5)	chpB(5)	348	348	348.00	14	3	pQBR127_00112		pQBR28_00111	pQBR53_00140	pQBR55_00139	pQBR55R_00115
g0201_0006	g0201	NA	dUTPase	98	1	5	1	1	1	0	0	0	0	5	dUTPase(5)	NA(5)	267	267	267.00	14	4	pQBR127_00113		pQBR28_00112	pQBR53_00141	pQBR55_00140	pQBR55R_00116
g0238_0006	g0238	NA	AAA-lid-3 domain-containing protein	98	1	5	1	1	1	0	0	0	0	5	AAA-lid-3 domain-containing protein(5)	NA(5)	126	126	126.00	14	5	pQBR127_00114		pQBR28_00113	pQBR53_00142	pQBR55_00141	pQBR55R_00117
g0194_0006	g0194	NA	Transcriptional regulator	98	1	5	1	1	1	0	0	0	0	5	Transcriptional regulator(5)	NA(5)	294	294	294.00	14	6	pQBR127_00115		pQBR28_00114	pQBR53_00143	pQBR55_00142	pQBR55R_00118
g0151_0006	g0151	NA	Nucleotidyltransferase	98	1	5	1	1	1	0	0	0	0	5	Nucleotidyltransferase(5)	NA(5)	1068	1068	1068.00	14	7	pQBR127_00116		pQBR28_00115	pQBR53_00144	pQBR55_00143	pQBR55R_00119
g0207_0006	g0207	NA	Transcriptional regulator	98	1	5	1	1	1	0	0	0	0	5	Transcriptional regulator(5)	NA(5)	243	243	243.00	14	8	pQBR127_00118		pQBR28_00117	pQBR53_00145	pQBR55_00144	pQBR55R_00120
g0200_0006	g0200	NA	Phage protein	98	1	5	1	1	1	0	0	0	0	5	Phage protein(5)	NA(5)	249	270	261.60	14	9	pQBR127_00119		pQBR28_00118	pQBR53_00146	pQBR55_00145	pQBR55R_00121
g0174_0006	g0174	fprA	FprA family A-type flavoprotein	98	1	5	1	1	1	0	0	0	0	5	FprA family A-type flavoprotein(5)	fprA(5)	357	357	357.00	15	1	pQBR127_00146		pQBR28_00130	pQBR53_00168	pQBR55_00167	pQBR55R_00143
g0208_0006	g0208	NA	DUF1330 domain-containing protein	98	1	5	1	1	1	0	0	0	0	5	DUF1330 domain-containing protein(3):Phage protein(2)	NA(5)	150	243	187.20	15	2	pQBR127_00147		pQBR28_00131	pQBR53_00169	pQBR55_00168	pQBR55R_00144
g0217_0006	g0217	NA	Lipoprotein	98	1	5	1	1	1	0	0	0	0	5	Lipoprotein(5)	NA(5)	231	231	231.00	15	3	pQBR127_00148		pQBR28_00132	pQBR53_00170	pQBR55_00169	pQBR55R_00145
g0165_0006	g0165	NA	Transmembrane protein	98	1	5	1	1	1	0	0	0	0	5	Transmembrane protein(5)	NA(5)	426	426	426.00	16	1	pQBR127_00012		pQBR28_00012	pQBR53_00016	pQBR55_00016	pQBR55R_00016
g0152_0006	g0152	NA	hypothetical protein	98	1	5	1	1	1	0	0	0	0	5	hypothetical protein(5)	NA(5)	1053	1053	1053.00	16	2	pQBR127_00011		pQBR28_00011	pQBR53_00015	pQBR55_00015	pQBR55R_00015
g0169_0006	g0169	NA	Phage holin%2C lambda family	98	1	5	1	1	1	0	0	0	0	5	Phage holin%2C lambda family(5)	NA(5)	378	378	378.00	16	3	pQBR127_00010		pQBR28_00010	pQBR53_00013	pQBR55_00013	pQBR55R_00013
g0195_0006	g0195	NA	tRNA-synt-2c domain-containing protein	98	1	5	1	1	1	0	0	0	0	5	tRNA-synt-2c domain-containing protein(5)	NA(5)	291	291	291.00	17	1	pQBR127_00004		pQBR28_00004	pQBR53_00004	pQBR55_00004	pQBR55R_00004
g0218_0006	g0218	vbhA	VbhA domain-containing protein	98	1	5	1	1	1	0	0	0	0	5	VbhA domain-containing protein(5)	vbhA(5)	225	225	225.00	17	2	pQBR127_00003		pQBR28_00003	pQBR53_00003	pQBR55_00003	pQBR55R_00003
g0214_0006	g0214	NA	Dystrophin	98	1	5	1	1	1	0	0	0	0	5	Dystrophin(5)	NA(5)	234	234	234.00	18	1	pQBR127_00074		pQBR28_00073	pQBR53_00077	pQBR55_00101	pQBR55R_00077
g0182_0006	g0182	NA	PaREP8	98	1	5	1	1	1	0	0	0	0	5	PaREP8(5)	NA(5)	327	327	327.00	18	2	pQBR127_00075		pQBR28_00074	pQBR53_00078	pQBR55_00102	pQBR55R_00078
g0146_0006	g0146	NA	Putative RTX toxin	98	1	5	1	1	1	0	0	0	0	5	Putative RTX toxin(5)	NA(5)	1743	1743	1743.00	19	1	pQBR127_00154		pQBR28_00138	pQBR53_00176	pQBR55_00175	pQBR55R_00151
g0233_0006	g0233	NA	CYTOSOL-AP domain-containing protein	98	1	5	1	1	1	0	0	0	0	5	CYTOSOL-AP domain-containing protein(5)	NA(5)	156	156	156.00	20	1	pQBR127_00131		pQBR28_00125	pQBR53_00153	pQBR55_00152	pQBR55R_00128
g0138_0004	g0138	NA	Cadherin domain-containing protein	90	2	5	1	1	1	0	0	0	0	5	Cadherin domain-containing protein(5)	NA(5)	222	222	222.00	21	1	pQBR127_00057	pQBR132_00077		pQBR53_00060	pQBR55_00084	pQBR55R_00060
g0124_0006	g0124	NA	DNA-binding protein	98	1	5	1	1	1	0	0	0	0	5	DNA-binding protein(4):hypothetical protein(1)	NA(5)	288	381	362.40	22	1	pQBR127_00133		pQBR28_00127	pQBR53_00155	pQBR55_00154	pQBR55R_00130
g0162_0006	g0162	NA	Mediator of RNA polymerase II transcription subunit 10	98	1	5	1	1	1	0	0	0	0	5	Mediator of RNA polymerase II transcription subunit 10(5)	NA(5)	444	444	444.00	23	1	pQBR127_00124		pQBR28_00123	pQBR53_00147	pQBR55_00146	pQBR55R_00122
g0163_0006	g0163	NA	DUF4363 domain-containing protein	98	1	4	1	1	1	0	0	0	0	4	DUF4363 domain-containing protein(4)	NA(4)	441	441	441.00	24	1	pQBR127_00125			pQBR53_00148	pQBR55_00147	pQBR55R_00123
g0222_0006	g0222	NA	AbrB/MazE/SpoVT family DNA-binding domain-containing protein	98	1	4	1	1	1	0	0	0	0	4	AbrB/MazE/SpoVT family DNA-binding domain-containing protein(4)	NA(4)	207	207	207.00	24	2	pQBR127_00126			pQBR53_00149	pQBR55_00148	pQBR55R_00124
g0170_0006	g0170	NA	DUF2185 domain-containing protein	98	1	4	1	1	1	0	0	0	0	4	DUF2185 domain-containing protein(4)	NA(4)	366	366	366.00	24	3	pQBR127_00127			pQBR53_00150	pQBR55_00149	pQBR55R_00125
g0102_0006	g0102	NA	hypothetical protein	98	1	4	1	1	1	1	0	1	0	4	hypothetical protein(4):Transmembrane protein(1)	NA(5)	270	576	460.20	24	4	(pQBR127_00128:pQBR127_00129)			pQBR53_00151	pQBR55_00150	pQBR55R_00126
g0177_0006	g0177	NA	Phage protein	98	1	4	1	1	1	0	0	0	0	4	Phage protein(4)	NA(4)	339	339	339.00	24	5	pQBR127_00130			pQBR53_00152	pQBR55_00151	pQBR55R_00127
g0160_0006	g0160	NA	Histidine kinase	98	1	4	1	1	1	0	0	0	0	4	Histidine kinase(4)	NA(4)	480	480	480.00	25	1		pQBR132_00014		pQBR53_00011	pQBR55_00011	pQBR55R_00011
g0179_0006	g0179	tssA	Type VI secretion system protein TssA	98	1	4	1	1	1	0	0	0	0	4	Type VI secretion system protein TssA(3):TPR-REGION domain-containing protein(1)	tssA(3):NA(1)	174	336	214.50	25	2		pQBR132_00013		pQBR53_00010	pQBR55_00010	pQBR55R_00010
g0234_0006	g0234	NA	hypothetical protein	98	1	4	1	1	1	0	0	0	0	4	hypothetical protein(4)	NA(4)	156	156	156.00	26	1	pQBR127_00164			pQBR53_00186	pQBR55_00185	pQBR55R_00161
g0235_0006	g0235	NA	Amino acid adenylation	98	1	3	1	1	1	0	0	0	0	3	Amino acid adenylation(3)	NA(3)	138	138	138.00	27	1				pQBR53_00014	pQBR55_00014	pQBR55R_00014
g0226_0006	g0226	NA	Holin	98	1	3	1	1	1	0	0	0	0	3	Holin(3)	NA(3)	192	192	192.00	28	1				pQBR53_00012	pQBR55_00012	pQBR55R_00012
g0144_0006	g0144	NA	Tn3 family transposase	98	1	2	1	1	1	0	0	0	0	2	Tn3 family transposase(2)	NA(2)	3006	3006	3006.00	29	1				pQBR53_00088	pQBR55_00047	
g0171_0006	g0171	tnpC	Tn3 family transposase post-transcriptional regulator TnpC	98	1	2	1	1	1	0	0	0	0	2	Tn3 family transposase post-transcriptional regulator TnpC(2)	tnpC(2)	363	363	363.00	29	2				pQBR53_00089	pQBR55_00046	
g0193_0006	g0193	NA	Transposase	98	1	2	1	1	1	0	0	0	0	2	Transposase(2)	NA(2)	297	297	297.00	29	3				pQBR53_00090	pQBR55_00045	
g0149_0006	g0149	mrdH	Ni(II)/Co(II) efflux transporter permease subunit MrdH	98	1	2	1	1	1	0	0	0	0	2	Ni(II)/Co(II) efflux transporter permease subunit MrdH(2)	mrdH(2)	1134	1134	1134.00	29	4				pQBR53_00091	pQBR55_00044	
g0190_0006	g0190	mreA	metal-sensing transcriptional repressor MreA	98	1	2	1	1	1	0	0	0	0	2	metal-sensing transcriptional repressor MreA(2)	mreA(2)	306	306	306.00	29	5				pQBR53_00092	pQBR55_00043	
g0173_0006	g0173	czcI	Cobalt-zinc-cadmium resistance protein CzcI	98	1	2	1	1	1	0	0	0	0	2	Cobalt-zinc-cadmium resistance protein CzcI(2)	czcI(2)	360	360	360.00	29	6				pQBR53_00093	pQBR55_00042	
g0237_0006	g0237	NA	hypothetical protein	98	1	2	1	1	1	0	0	0	0	2	hypothetical protein(2)	NA(2)	129	129	129.00	29	7				pQBR53_00094	pQBR55_00041	
g0230_0006	g0230	NA	DUF3265 domain-containing protein	98	1	2	1	1	1	0	0	0	0	2	DUF3265 domain-containing protein(2)	NA(2)	174	174	174.00	29	8				pQBR53_00095	pQBR55_00040	
g0153_0006	g0153	tnp	IS5 family transposase	98	1	2	1	1	1	0	0	0	0	2	IS5 family transposase(2)	tnp(2)	1038	1038	1038.00	29	9				pQBR53_00096	pQBR55_00039	
g0168_0006	g0168	NA	Diacylglycerol kinase	98	1	2	1	1	1	0	0	0	0	2	Diacylglycerol kinase(2)	NA(2)	396	396	396.00	29	10				pQBR53_00097	pQBR55_00038	
g0147_0006	g0147	mdoB	Phosphoglycerol transferase MdoB/OpgB%2C AlkP superfamily	98	1	2	1	1	1	0	0	0	0	2	Phosphoglycerol transferase MdoB/OpgB%2C AlkP superfamily(2)	mdoB(2)	1653	1653	1653.00	29	11				pQBR53_00098	pQBR55_00037	
g0203_0006	g0203	tnp	IS3 family transposase ORF A	98	1	2	1	1	1	0	0	0	0	2	IS3 family transposase ORF A(2)	tnp(2)	267	267	267.00	29	12				pQBR53_00099	pQBR55_00036	
g0185_0006	g0185	tnp	IS3 family ISPpu33 transposase ORF A	98	1	2	1	1	1	0	0	0	0	2	IS3 family ISPpu33 transposase ORF A(2)	tnp(2)	312	312	312.00	29	13				pQBR53_00100	pQBR55_00035	
g0156_0006	g0156	tnp	IS3 family ISPpu33 transposase ORF B	98	1	2	1	1	1	0	0	0	0	2	IS3 family ISPpu33 transposase ORF B(2)	tnp(2)	906	906	906.00	29	14				pQBR53_00101	pQBR55_00034	
g0172_0006	g0172	NA	Zn-protease domain-containing protein	98	1	2	1	1	1	0	0	0	0	2	Zn-protease domain-containing protein(2)	NA(2)	363	363	363.00	29	15				pQBR53_00102	pQBR55_00033	
g0186_0006	g0186	ykvA	DUF1232 domain-containing protein	98	1	2	1	1	1	0	0	0	0	2	DUF1232 domain-containing protein(2)	ykvA(2)	312	312	312.00	29	16				pQBR53_00103	pQBR55_00032	
g0213_0006	g0213	NA	MFS domain-containing protein	98	1	2	1	1	1	0	0	0	0	2	MFS domain-containing protein(2)	NA(2)	237	237	237.00	29	17				pQBR53_00104	pQBR55_00031	
g0155_0006	g0155	xerD	Site-specific recombinase XerD	98	1	2	1	1	1	0	0	0	0	2	Site-specific recombinase XerD(2)	xerD(2)	972	972	972.00	29	18				pQBR53_00105	pQBR55_00030	
g0154_0006	g0154	NA	Tn4652 cointegrate resolution protein	98	1	2	1	1	1	0	0	0	0	2	Tn4652 cointegrate resolution protein(2)	NA(2)	999	999	999.00	29	19				pQBR53_00106	pQBR55_00029	
g0159_0006	g0159	NA	Uncharacterized protein PA14_35840	98	1	2	1	1	1	0	0	0	0	2	Uncharacterized protein PA14_35840(2)	NA(2)	645	645	645.00	29	20				pQBR53_00107	pQBR55_00028	
g0161_0006	g0161	NA	CHAD domain-containing protein	98	1	2	1	1	1	0	0	0	0	2	CHAD domain-containing protein(2)	NA(2)	480	480	480.00	29	21				pQBR53_00108	pQBR55_00027	
g0231_0006	g0231	NA	ANTAR domain-containing protein	98	1	2	1	1	1	0	0	0	0	2	ANTAR domain-containing protein(2)	NA(2)	168	168	168.00	29	22				pQBR53_00109	pQBR55_00026	
g0187_0006	g0187	NA	AbiEi antitoxin of type IV toxin-antitoxin system	98	1	2	1	1	1	0	0	0	0	2	AbiEi antitoxin of type IV toxin-antitoxin system(2)	NA(2)	312	312	312.00	29	23				pQBR53_00110	pQBR55_00025	
g0229_0006	g0229	NA	Transposase	98	1	2	1	1	1	0	0	0	0	2	Transposase(2)	NA(2)	180	180	180.00	29	24				pQBR53_00111	pQBR55_00024	
g0227_0006	g0227	NA	Myo-inositol-1(Or 4)-monophosphatase	98	1	2	1	1	1	0	0	0	0	2	Myo-inositol-1(Or 4)-monophosphatase(2)	NA(2)	189	189	189.00	30	1	pQBR127_00120		pQBR28_00119			
g0204_0006	g0204	NA	Transcriptional regulator	98	1	2	1	1	1	0	0	0	0	2	Transcriptional regulator(2)	NA(2)	264	264	264.00	30	2	pQBR127_00121		pQBR28_00120			
g0197_0006	g0197	NA	Methyl-accepting chemotaxis protein	98	1	2	1	1	1	0	0	0	0	2	Methyl-accepting chemotaxis protein(2)	NA(2)	279	279	279.00	30	3	pQBR127_00122		pQBR28_00121			
g0205_0006	g0205	NA	50S ribosomal protein L11 methyltransferase	98	1	2	1	1	1	0	0	0	0	2	50S ribosomal protein L11 methyltransferase(2)	NA(2)	258	258	258.00	30	4	pQBR127_00123		pQBR28_00122			
g0133_0005	g0133	murJ	Lipid II flippase MurJ	95	2	2	1	1	1	0	0	0	0	2	Lipid II flippase MurJ(2)	murJ(2)	258	258	258.00	31	1		pQBR132_00159	pQBR28_00148			
g0120_0005	g0120	NA	DUF5056 domain-containing protein	95	2	2	1	1	1	0	0	0	0	2	DUF5056 domain-containing protein(2)	NA(2)	405	405	405.00	31	2		pQBR132_00160	pQBR28_00149			
g0183_0006	g0183	NA	DUF6388 domain-containing protein	98	1	2	1	1	1	0	0	0	0	2	DUF6388 domain-containing protein(2)	NA(2)	327	327	327.00	31	3		pQBR132_00161	pQBR28_00150			
g0130_0005	g0130	NA	DUF899 domain-containing protein	95	2	2	1	1	1	0	0	0	0	2	DUF899 domain-containing protein(2)	NA(2)	321	321	321.00	31	4		pQBR132_00162	pQBR28_00151			
g0199_0006	g0199	NA	hypothetical protein	98	1	2	1	1	1	0	0	0	0	2	hypothetical protein(2)	NA(2)	273	273	273.00	32	1	pQBR127_00117		pQBR28_00116			
g0166_0006	g0166	NA	DUF3578 domain-containing protein	98	1	1	1	1	1	0	0	0	0	1	DUF3578 domain-containing protein(1)	NA(1)	423	423	423.00	33	1		pQBR132_00021				
g0164_0006	g0164	NA	Inner membrane protein	98	1	1	1	1	1	0	0	0	0	1	Inner membrane protein(1)	NA(1)	438	438	438.00	33	2		pQBR132_00020				
g0192_0006	g0192	NA	hypothetical protein	98	1	1	1	1	1	0	0	0	0	1	hypothetical protein(1)	NA(1)	300	300	300.00	33	3		pQBR132_00019				
g0221_0006	g0221	NA	hypothetical protein	98	1	1	1	1	1	0	0	0	0	1	hypothetical protein(1)	NA(1)	216	216	216.00	33	4		pQBR132_00018				
g0211_0006	g0211	NA	Bacteriophage holin family HP1	98	1	1	1	1	1	0	0	0	0	1	Bacteriophage holin family HP1(1)	NA(1)	237	237	237.00	33	5		pQBR132_00017				
g0181_0006	g0181	NA	hypothetical protein	98	1	1	1	1	1	0	0	0	0	1	hypothetical protein(1)	NA(1)	330	330	330.00	33	6		pQBR132_00016				
g0178_0006	g0178	NA	MFS domain-containing protein	98	1	1	1	1	1	0	0	0	0	1	MFS domain-containing protein(1)	NA(1)	339	339	339.00	33	7		pQBR132_00015				
g0219_0006	g0219	NA	hypothetical protein	98	1	1	1	1	1	0	0	0	0	1	hypothetical protein(1)	NA(1)	219	219	219.00	34	1		pQBR132_00131				
g0196_0006	g0196	NA	Transcriptional regulator	98	1	1	1	1	1	0	0	0	0	1	Transcriptional regulator(1)	NA(1)	291	291	291.00	34	2		pQBR132_00132				
g0158_0006	g0158	NA	Tyr recombinase domain-containing protein	98	1	1	1	1	1	0	0	0	0	1	Tyr recombinase domain-containing protein(1)	NA(1)	663	663	663.00	34	3		pQBR132_00133				
g0225_0006	g0225	NA	XRE family transcriptional regulator	98	1	1	1	1	1	0	0	0	0	1	XRE family transcriptional regulator(1)	NA(1)	201	201	201.00	34	4		pQBR132_00134				
g0220_0006	g0220	NA	Transcriptional regulator	98	1	1	1	1	1	0	0	0	0	1	Transcriptional regulator(1)	NA(1)	219	219	219.00	34	5		pQBR132_00135				
g0212_0006	g0212	NA	hypothetical protein	98	1	1	1	1	1	0	0	0	0	1	hypothetical protein(1)	NA(1)	237	237	237.00	34	6		pQBR132_00136				
g0216_0006	g0216	NA	Transposase	98	1	1	1	1	1	0	0	0	0	1	Transposase(1)	NA(1)	234	234	234.00	35	1		pQBR132_00141				
g0180_0006	g0180	NA	Ribonuclease Z	98	1	1	1	1	1	0	0	0	0	1	Ribonuclease Z(1)	NA(1)	336	336	336.00	35	2		pQBR132_00142				
g0210_0006	g0210	NA	Antitoxin	98	1	1	1	1	1	0	0	0	0	1	Antitoxin(1)	NA(1)	240	240	240.00	35	3		pQBR132_00143				
g0224_0006	g0224	NA	Plastocyanin-like domain-containing protein	98	1	1	1	1	1	0	0	0	0	1	Plastocyanin-like domain-containing protein(1)	NA(1)	207	207	207.00	35	4		pQBR132_00144				
g0148_0006	g0148	NA	Ig-like domain-containing protein	98	1	1	1	1	1	0	0	0	0	1	Ig-like domain-containing protein(1)	NA(1)	1635	1635	1635.00	36	1		pQBR132_00003				
g0209_0006	g0209	NA	hypothetical protein	98	1	1	1	1	1	0	0	0	0	1	hypothetical protein(1)	NA(1)	243	243	243.00	36	2		pQBR132_00004				
g0150_0006	g0150	NA	DUF1173 domain-containing protein	98	1	1	1	1	1	0	0	0	0	1	DUF1173 domain-containing protein(1)	NA(1)	1116	1116	1116.00	36	3		pQBR132_00005				
g0236_0006	g0236	NA	hypothetical protein	98	1	1	1	1	1	0	0	0	0	1	hypothetical protein(1)	NA(1)	138	138	138.00	36	4		pQBR132_00006				
g0215_0006	g0215	NA	hypothetical protein	98	1	1	1	1	1	0	0	0	0	1	hypothetical protein(1)	NA(1)	234	234	234.00	37	1		pQBR132_00094				
g0198_0006	g0198	nifW	Nitrogenase-stabilizing/protective protein NifW	98	1	1	1	1	1	0	0	0	0	1	Nitrogenase-stabilizing/protective protein NifW(1)	nifW(1)	279	279	279.00	37	2		pQBR132_00095				
g0157_0006	g0157	NA	EAL domain-containing protein	98	1	1	1	1	1	0	0	0	0	1	EAL domain-containing protein(1)	NA(1)	885	885	885.00	38	1			pQBR28_00169			
g0175_0006	g0175	NA	hypothetical protein	98	1	1	1	1	1	0	0	0	0	1	hypothetical protein(1)	NA(1)	354	354	354.00	39	1		pQBR132_00031				
g0202_0006	g0202	NA	hypothetical protein	98	1	1	1	1	1	0	0	0	0	1	hypothetical protein(1)	NA(1)	267	267	267.00	40	1		pQBR132_00138				
g0223_0006	g0223	NA	hypothetical protein	98	1	1	1	1	1	0	0	0	0	1	hypothetical protein(1)	NA(1)	207	207	207.00	41	1		pQBR132_00045				
g0189_0006	g0189	NA	hypothetical protein	98	1	1	1	1	1	0	0	0	0	1	hypothetical protein(1)	NA(1)	309	309	309.00	42	1		pQBR132_00169				
g0239_0006	g0239	NA	hypothetical protein	98	1	1	1	1	1	0	0	0	0	1	hypothetical protein(1)	NA(1)	126	126	126.00	43	1		pQBR132_00155				
g0167_0006	g0167	NA	hypothetical protein	98	1	1	1	1	1	0	0	0	0	1	hypothetical protein(1)	NA(1)	411	411	411.00	44	1			pQBR28_00124			
g0184_0006	g0184	NA	hypothetical protein	98	1	1	1	1	1	0	0	0	0	1	hypothetical protein(1)	NA(1)	324	324	324.00	45	1			pQBR28_00015			
g0191_0006	g0191	NA	hypothetical protein	98	1	1	1	1	1	0	0	0	0	1	hypothetical protein(1)	NA(1)	303	303	303.00	46	1		pQBR132_00012				
g0228_0006	g0228	NA	SH3 domain-containing protein	98	1	1	1	1	1	0	0	0	0	1	SH3 domain-containing protein(1)	NA(1)	180	180	180.00	47	1			pQBR28_00155			
g0145_0006	g0145	traC	type IV secretion system protein TraC	98	1	1	1	1	1	0	0	0	0	1	type IV secretion system protein TraC(1)	traC(1)	2250	2250	2250.00	48	1				pQBR53_00112		
g0188_0006	g0188	NA	hypothetical protein	98	1	1	1	1	1	0	0	0	0	1	hypothetical protein(1)	NA(1)	309	309	309.00	49	1		pQBR132_00098				
