./bakta_annotated/pQBR102/pQBR102.fna	./bakta_annotated/pQBR102/pQBR102.fna	100	669	669
./bakta_annotated/pQBR102/pQBR102.fna	./bakta_annotated/pQBR30/pQBR30.fna	99.7182	611	669
./bakta_annotated/pQBR102/pQBR102.fna	./bakta_annotated/pQBR57R/pQBR57R.fna	99.405	608	669
./bakta_annotated/pQBR102/pQBR102.fna	./bakta_annotated/pQBR57/pQBR57.fna	99.4009	609	669
./bakta_annotated/pQBR102/pQBR102.fna	./bakta_annotated/pQBR56/pQBR56.fna	99.4009	609	669
./bakta_annotated/pQBR102/pQBR102.fna	./bakta_annotated/pQBR150/pQBR150.fna	99.4003	608	669
./bakta_annotated/pQBR102/pQBR102.fna	./bakta_annotated/pQBR51/pQBR51.fna	99.4003	608	669
./bakta_annotated/pQBR103/pQBR103.fna	./bakta_annotated/pQBR103/pQBR103.fna	100	850	850
./bakta_annotated/pQBR103/pQBR103.fna	./bakta_annotated/pQBR103R/pQBR103R.fna	100	850	850
./bakta_annotated/pQBR103/pQBR103.fna	./bakta_annotated/pQBR49/pQBR49.fna	99.5565	845	850
./bakta_annotated/pQBR103/pQBR103.fna	./bakta_annotated/pQBR124/pQBR124.fna	99.555	847	850
./bakta_annotated/pQBR103/pQBR103.fna	./bakta_annotated/pQBR5/pQBR5.fna	99.5533	847	850
./bakta_annotated/pQBR103/pQBR103.fna	./bakta_annotated/pQBR4/pQBR4.fna	99.5408	846	850
./bakta_annotated/pQBR103/pQBR103.fna	./bakta_annotated/pQBR50d/pQBR50d.fna	99.5325	825	850
./bakta_annotated/pQBR103/pQBR103.fna	./bakta_annotated/pQBR43/pQBR43.fna	99.5192	782	850
./bakta_annotated/pQBR103/pQBR103.fna	./bakta_annotated/pQBR47p/pQBR47p.fna	99.5002	501	850
./bakta_annotated/pQBR103/pQBR103.fna	./bakta_annotated/pQBR106p/pQBR106p.fna	99.2336	196	850
./bakta_annotated/pQBR103/pQBR103.fna	./bakta_annotated/pQBR44d/pQBR44d.fna	99.1167	251	850
./bakta_annotated/pQBR103/pQBR103.fna	./bakta_annotated/pQBR11d/pQBR11d.fna	98.9089	833	850
./bakta_annotated/pQBR103R/pQBR103R.fna	./bakta_annotated/pQBR103/pQBR103.fna	100	850	850
./bakta_annotated/pQBR103R/pQBR103R.fna	./bakta_annotated/pQBR103R/pQBR103R.fna	100	850	850
./bakta_annotated/pQBR103R/pQBR103R.fna	./bakta_annotated/pQBR49/pQBR49.fna	99.5565	845	850
./bakta_annotated/pQBR103R/pQBR103R.fna	./bakta_annotated/pQBR124/pQBR124.fna	99.555	847	850
./bakta_annotated/pQBR103R/pQBR103R.fna	./bakta_annotated/pQBR5/pQBR5.fna	99.5533	847	850
./bakta_annotated/pQBR103R/pQBR103R.fna	./bakta_annotated/pQBR4/pQBR4.fna	99.5408	846	850
./bakta_annotated/pQBR103R/pQBR103R.fna	./bakta_annotated/pQBR50d/pQBR50d.fna	99.5325	825	850
./bakta_annotated/pQBR103R/pQBR103R.fna	./bakta_annotated/pQBR43/pQBR43.fna	99.5192	782	850
./bakta_annotated/pQBR103R/pQBR103R.fna	./bakta_annotated/pQBR47p/pQBR47p.fna	99.5002	501	850
./bakta_annotated/pQBR103R/pQBR103R.fna	./bakta_annotated/pQBR106p/pQBR106p.fna	99.2336	196	850
./bakta_annotated/pQBR103R/pQBR103R.fna	./bakta_annotated/pQBR44d/pQBR44d.fna	99.1167	251	850
./bakta_annotated/pQBR103R/pQBR103R.fna	./bakta_annotated/pQBR11d/pQBR11d.fna	98.9089	833	850
./bakta_annotated/pQBR105/pQBR105.fna	./bakta_annotated/pQBR105/pQBR105.fna	100	282	322
./bakta_annotated/pQBR106p/pQBR106p.fna	./bakta_annotated/pQBR106p/pQBR106p.fna	100	196	196
./bakta_annotated/pQBR106p/pQBR106p.fna	./bakta_annotated/pQBR124/pQBR124.fna	100	196	196
./bakta_annotated/pQBR106p/pQBR106p.fna	./bakta_annotated/pQBR5/pQBR5.fna	100	195	196
./bakta_annotated/pQBR106p/pQBR106p.fna	./bakta_annotated/pQBR47p/pQBR47p.fna	100	185	196
./bakta_annotated/pQBR106p/pQBR106p.fna	./bakta_annotated/pQBR43/pQBR43.fna	100	196	196
./bakta_annotated/pQBR106p/pQBR106p.fna	./bakta_annotated/pQBR44d/pQBR44d.fna	99.9996	195	196
./bakta_annotated/pQBR106p/pQBR106p.fna	./bakta_annotated/pQBR4/pQBR4.fna	99.9948	196	196
./bakta_annotated/pQBR106p/pQBR106p.fna	./bakta_annotated/pQBR49/pQBR49.fna	99.9878	195	196
./bakta_annotated/pQBR106p/pQBR106p.fna	./bakta_annotated/pQBR50d/pQBR50d.fna	99.9839	196	196
./bakta_annotated/pQBR106p/pQBR106p.fna	./bakta_annotated/pQBR103/pQBR103.fna	99.3588	194	196
./bakta_annotated/pQBR106p/pQBR106p.fna	./bakta_annotated/pQBR103R/pQBR103R.fna	99.3588	194	196
./bakta_annotated/pQBR106p/pQBR106p.fna	./bakta_annotated/pQBR11d/pQBR11d.fna	98.6912	195	196
./bakta_annotated/pQBR11d/pQBR11d.fna	./bakta_annotated/pQBR11d/pQBR11d.fna	100	861	861
./bakta_annotated/pQBR11d/pQBR11d.fna	./bakta_annotated/pQBR103/pQBR103.fna	98.7993	837	861
./bakta_annotated/pQBR11d/pQBR11d.fna	./bakta_annotated/pQBR103R/pQBR103R.fna	98.7993	837	861
./bakta_annotated/pQBR11d/pQBR11d.fna	./bakta_annotated/pQBR106p/pQBR106p.fna	98.742	196	861
./bakta_annotated/pQBR11d/pQBR11d.fna	./bakta_annotated/pQBR44d/pQBR44d.fna	98.6863	250	861
./bakta_annotated/pQBR11d/pQBR11d.fna	./bakta_annotated/pQBR49/pQBR49.fna	98.6737	830	861
./bakta_annotated/pQBR11d/pQBR11d.fna	./bakta_annotated/pQBR5/pQBR5.fna	98.6725	829	861
./bakta_annotated/pQBR11d/pQBR11d.fna	./bakta_annotated/pQBR124/pQBR124.fna	98.6698	831	861
./bakta_annotated/pQBR11d/pQBR11d.fna	./bakta_annotated/pQBR4/pQBR4.fna	98.6643	830	861
./bakta_annotated/pQBR11d/pQBR11d.fna	./bakta_annotated/pQBR50d/pQBR50d.fna	98.637	807	861
./bakta_annotated/pQBR11d/pQBR11d.fna	./bakta_annotated/pQBR43/pQBR43.fna	98.5543	769	861
./bakta_annotated/pQBR11d/pQBR11d.fna	./bakta_annotated/pQBR47p/pQBR47p.fna	97.9063	488	861
./bakta_annotated/pQBR124/pQBR124.fna	./bakta_annotated/pQBR124/pQBR124.fna	100	849	849
./bakta_annotated/pQBR124/pQBR124.fna	./bakta_annotated/pQBR106p/pQBR106p.fna	99.9985	197	849
./bakta_annotated/pQBR124/pQBR124.fna	./bakta_annotated/pQBR5/pQBR5.fna	99.9984	849	849
./bakta_annotated/pQBR124/pQBR124.fna	./bakta_annotated/pQBR50d/pQBR50d.fna	99.9921	826	849
./bakta_annotated/pQBR124/pQBR124.fna	./bakta_annotated/pQBR43/pQBR43.fna	99.9907	786	849
./bakta_annotated/pQBR124/pQBR124.fna	./bakta_annotated/pQBR4/pQBR4.fna	99.9887	849	849
./bakta_annotated/pQBR124/pQBR124.fna	./bakta_annotated/pQBR49/pQBR49.fna	99.9812	849	849
./bakta_annotated/pQBR124/pQBR124.fna	./bakta_annotated/pQBR47p/pQBR47p.fna	99.9334	504	849
./bakta_annotated/pQBR124/pQBR124.fna	./bakta_annotated/pQBR44d/pQBR44d.fna	99.7527	252	849
./bakta_annotated/pQBR124/pQBR124.fna	./bakta_annotated/pQBR103/pQBR103.fna	99.5689	845	849
./bakta_annotated/pQBR124/pQBR124.fna	./bakta_annotated/pQBR103R/pQBR103R.fna	99.5689	845	849
./bakta_annotated/pQBR124/pQBR124.fna	./bakta_annotated/pQBR11d/pQBR11d.fna	98.648	830	849
./bakta_annotated/pQBR127/pQBR127.fna	./bakta_annotated/pQBR127/pQBR127.fna	100	280	280
./bakta_annotated/pQBR127/pQBR127.fna	./bakta_annotated/pQBR55R/pQBR55R.fna	99.7249	276	280
./bakta_annotated/pQBR127/pQBR127.fna	./bakta_annotated/pQBR55/pQBR55.fna	99.6938	278	280
./bakta_annotated/pQBR127/pQBR127.fna	./bakta_annotated/pQBR53/pQBR53.fna	99.6795	278	280
./bakta_annotated/pQBR127/pQBR127.fna	./bakta_annotated/pQBR28/pQBR28.fna	99.5127	276	280
./bakta_annotated/pQBR127/pQBR127.fna	./bakta_annotated/pQBR132/pQBR132.fna	95.9258	244	280
./bakta_annotated/pQBR132/pQBR132.fna	./bakta_annotated/pQBR132/pQBR132.fna	100	279	279
./bakta_annotated/pQBR132/pQBR132.fna	./bakta_annotated/pQBR28/pQBR28.fna	95.7199	252	279
./bakta_annotated/pQBR132/pQBR132.fna	./bakta_annotated/pQBR55R/pQBR55R.fna	95.6283	252	279
./bakta_annotated/pQBR132/pQBR132.fna	./bakta_annotated/pQBR53/pQBR53.fna	95.6031	251	279
./bakta_annotated/pQBR132/pQBR132.fna	./bakta_annotated/pQBR127/pQBR127.fna	95.5646	251	279
./bakta_annotated/pQBR132/pQBR132.fna	./bakta_annotated/pQBR55/pQBR55.fna	95.5606	252	279
./bakta_annotated/pQBR150/pQBR150.fna	./bakta_annotated/pQBR150/pQBR150.fna	100	732	732
./bakta_annotated/pQBR150/pQBR150.fna	./bakta_annotated/pQBR51/pQBR51.fna	100	732	732
./bakta_annotated/pQBR150/pQBR150.fna	./bakta_annotated/pQBR57/pQBR57.fna	99.9955	614	732
./bakta_annotated/pQBR150/pQBR150.fna	./bakta_annotated/pQBR56/pQBR56.fna	99.9955	614	732
./bakta_annotated/pQBR150/pQBR150.fna	./bakta_annotated/pQBR57R/pQBR57R.fna	99.9802	648	732
./bakta_annotated/pQBR150/pQBR150.fna	./bakta_annotated/pQBR102/pQBR102.fna	99.3654	610	732
./bakta_annotated/pQBR150/pQBR150.fna	./bakta_annotated/pQBR30/pQBR30.fna	99.1915	603	732
./bakta_annotated/pQBR150/pQBR150.fna	./bakta_annotated/pQBR47p/pQBR47p.fna	95.4454	120	732
./bakta_annotated/pQBR150/pQBR150.fna	./bakta_annotated/pQBR4/pQBR4.fna	95.1008	165	732
./bakta_annotated/pQBR23/pQBR23.fna	./bakta_annotated/pQBR23/pQBR23.fna	100	785	787
./bakta_annotated/pQBR23/pQBR23.fna	./bakta_annotated/pQBR24/pQBR24.fna	99.9997	785	787
./bakta_annotated/pQBR23/pQBR23.fna	./bakta_annotated/pQBR26/pQBR26.fna	94.0587	111	787
./bakta_annotated/pQBR24/pQBR24.fna	./bakta_annotated/pQBR24/pQBR24.fna	100	785	787
./bakta_annotated/pQBR24/pQBR24.fna	./bakta_annotated/pQBR23/pQBR23.fna	99.9996	785	787
./bakta_annotated/pQBR24/pQBR24.fna	./bakta_annotated/pQBR26/pQBR26.fna	94.0108	112	787
./bakta_annotated/pQBR26/pQBR26.fna	./bakta_annotated/pQBR26/pQBR26.fna	100	454	457
./bakta_annotated/pQBR26/pQBR26.fna	./bakta_annotated/pQBR23/pQBR23.fna	93.7559	113	457
./bakta_annotated/pQBR26/pQBR26.fna	./bakta_annotated/pQBR24/pQBR24.fna	93.5298	115	457
./bakta_annotated/pQBR28/pQBR28.fna	./bakta_annotated/pQBR28/pQBR28.fna	99.9999	283	283
./bakta_annotated/pQBR28/pQBR28.fna	./bakta_annotated/pQBR127/pQBR127.fna	99.5021	277	283
./bakta_annotated/pQBR28/pQBR28.fna	./bakta_annotated/pQBR55/pQBR55.fna	99.4174	272	283
./bakta_annotated/pQBR28/pQBR28.fna	./bakta_annotated/pQBR53/pQBR53.fna	99.4036	272	283
./bakta_annotated/pQBR28/pQBR28.fna	./bakta_annotated/pQBR55R/pQBR55R.fna	99.3936	273	283
./bakta_annotated/pQBR28/pQBR28.fna	./bakta_annotated/pQBR132/pQBR132.fna	95.8653	250	283
./bakta_annotated/pQBR30/pQBR30.fna	./bakta_annotated/pQBR30/pQBR30.fna	100	620	620
./bakta_annotated/pQBR30/pQBR30.fna	./bakta_annotated/pQBR102/pQBR102.fna	99.7018	614	620
./bakta_annotated/pQBR30/pQBR30.fna	./bakta_annotated/pQBR57R/pQBR57R.fna	99.2276	600	620
./bakta_annotated/pQBR30/pQBR30.fna	./bakta_annotated/pQBR57/pQBR57.fna	99.1967	601	620
./bakta_annotated/pQBR30/pQBR30.fna	./bakta_annotated/pQBR56/pQBR56.fna	99.1967	601	620
./bakta_annotated/pQBR30/pQBR30.fna	./bakta_annotated/pQBR51/pQBR51.fna	99.1892	601	620
./bakta_annotated/pQBR30/pQBR30.fna	./bakta_annotated/pQBR150/pQBR150.fna	99.1892	601	620
./bakta_annotated/pQBR4/pQBR4.fna	./bakta_annotated/pQBR4/pQBR4.fna	100	973	1051
./bakta_annotated/pQBR4/pQBR4.fna	./bakta_annotated/pQBR43/pQBR43.fna	99.995	872	1051
./bakta_annotated/pQBR4/pQBR4.fna	./bakta_annotated/pQBR50d/pQBR50d.fna	99.9935	914	1051
./bakta_annotated/pQBR4/pQBR4.fna	./bakta_annotated/pQBR124/pQBR124.fna	99.9876	849	1051
./bakta_annotated/pQBR4/pQBR4.fna	./bakta_annotated/pQBR49/pQBR49.fna	99.9839	935	1051
./bakta_annotated/pQBR4/pQBR4.fna	./bakta_annotated/pQBR5/pQBR5.fna	99.9833	936	1051
./bakta_annotated/pQBR4/pQBR4.fna	./bakta_annotated/pQBR47p/pQBR47p.fna	99.9824	585	1051
./bakta_annotated/pQBR4/pQBR4.fna	./bakta_annotated/pQBR106p/pQBR106p.fna	99.9766	197	1051
./bakta_annotated/pQBR4/pQBR4.fna	./bakta_annotated/pQBR44d/pQBR44d.fna	99.7393	288	1051
./bakta_annotated/pQBR4/pQBR4.fna	./bakta_annotated/pQBR103R/pQBR103R.fna	99.5469	847	1051
./bakta_annotated/pQBR4/pQBR4.fna	./bakta_annotated/pQBR103/pQBR103.fna	99.5469	847	1051
./bakta_annotated/pQBR4/pQBR4.fna	./bakta_annotated/pQBR11d/pQBR11d.fna	98.6053	832	1051
./bakta_annotated/pQBR4/pQBR4.fna	./bakta_annotated/pQBR150/pQBR150.fna	95.4101	165	1051
./bakta_annotated/pQBR4/pQBR4.fna	./bakta_annotated/pQBR51/pQBR51.fna	95.4101	165	1051
./bakta_annotated/pQBR4/pQBR4.fna	./bakta_annotated/pQBR53/pQBR53.fna	94.1893	64	1051
./bakta_annotated/pQBR4/pQBR4.fna	./bakta_annotated/pQBR55/pQBR55.fna	94.1893	64	1051
./bakta_annotated/pQBR43/pQBR43.fna	./bakta_annotated/pQBR43/pQBR43.fna	100	876	1021
./bakta_annotated/pQBR43/pQBR43.fna	./bakta_annotated/pQBR106p/pQBR106p.fna	99.9985	197	1021
./bakta_annotated/pQBR43/pQBR43.fna	./bakta_annotated/pQBR47p/pQBR47p.fna	99.9972	589	1021
./bakta_annotated/pQBR43/pQBR43.fna	./bakta_annotated/pQBR50d/pQBR50d.fna	99.9934	877	1021
./bakta_annotated/pQBR43/pQBR43.fna	./bakta_annotated/pQBR5/pQBR5.fna	99.9904	873	1021
./bakta_annotated/pQBR43/pQBR43.fna	./bakta_annotated/pQBR4/pQBR4.fna	99.9891	873	1021
./bakta_annotated/pQBR43/pQBR43.fna	./bakta_annotated/pQBR49/pQBR49.fna	99.9824	873	1021
./bakta_annotated/pQBR43/pQBR43.fna	./bakta_annotated/pQBR124/pQBR124.fna	99.9393	788	1021
./bakta_annotated/pQBR43/pQBR43.fna	./bakta_annotated/pQBR44d/pQBR44d.fna	99.5474	255	1021
./bakta_annotated/pQBR43/pQBR43.fna	./bakta_annotated/pQBR103/pQBR103.fna	99.507	785	1021
./bakta_annotated/pQBR43/pQBR43.fna	./bakta_annotated/pQBR103R/pQBR103R.fna	99.507	785	1021
./bakta_annotated/pQBR43/pQBR43.fna	./bakta_annotated/pQBR11d/pQBR11d.fna	98.5342	768	1021
./bakta_annotated/pQBR44d/pQBR44d.fna	./bakta_annotated/pQBR44d/pQBR44d.fna	100	286	286
./bakta_annotated/pQBR44d/pQBR44d.fna	./bakta_annotated/pQBR106p/pQBR106p.fna	99.9697	197	286
./bakta_annotated/pQBR44d/pQBR44d.fna	./bakta_annotated/pQBR47p/pQBR47p.fna	99.9632	240	286
./bakta_annotated/pQBR44d/pQBR44d.fna	./bakta_annotated/pQBR4/pQBR4.fna	99.9445	285	286
./bakta_annotated/pQBR44d/pQBR44d.fna	./bakta_annotated/pQBR5/pQBR5.fna	99.8859	251	286
./bakta_annotated/pQBR44d/pQBR44d.fna	./bakta_annotated/pQBR124/pQBR124.fna	99.8746	252	286
./bakta_annotated/pQBR44d/pQBR44d.fna	./bakta_annotated/pQBR50d/pQBR50d.fna	99.8579	252	286
./bakta_annotated/pQBR44d/pQBR44d.fna	./bakta_annotated/pQBR43/pQBR43.fna	99.853	251	286
./bakta_annotated/pQBR44d/pQBR44d.fna	./bakta_annotated/pQBR49/pQBR49.fna	99.8283	253	286
./bakta_annotated/pQBR44d/pQBR44d.fna	./bakta_annotated/pQBR103/pQBR103.fna	99.2941	247	286
./bakta_annotated/pQBR44d/pQBR44d.fna	./bakta_annotated/pQBR103R/pQBR103R.fna	99.2941	247	286
./bakta_annotated/pQBR44d/pQBR44d.fna	./bakta_annotated/pQBR11d/pQBR11d.fna	98.7026	250	286
./bakta_annotated/pQBR47p/pQBR47p.fna	./bakta_annotated/pQBR47p/pQBR47p.fna	100	586	586
./bakta_annotated/pQBR47p/pQBR47p.fna	./bakta_annotated/pQBR43/pQBR43.fna	99.997	586	586
./bakta_annotated/pQBR47p/pQBR47p.fna	./bakta_annotated/pQBR5/pQBR5.fna	99.9938	585	586
./bakta_annotated/pQBR47p/pQBR47p.fna	./bakta_annotated/pQBR50d/pQBR50d.fna	99.9869	586	586
./bakta_annotated/pQBR47p/pQBR47p.fna	./bakta_annotated/pQBR4/pQBR4.fna	99.9856	586	586
./bakta_annotated/pQBR47p/pQBR47p.fna	./bakta_annotated/pQBR49/pQBR49.fna	99.9822	585	586
./bakta_annotated/pQBR47p/pQBR47p.fna	./bakta_annotated/pQBR124/pQBR124.fna	99.9736	503	586
./bakta_annotated/pQBR47p/pQBR47p.fna	./bakta_annotated/pQBR106p/pQBR106p.fna	99.9395	188	586
./bakta_annotated/pQBR47p/pQBR47p.fna	./bakta_annotated/pQBR44d/pQBR44d.fna	99.8166	242	586
./bakta_annotated/pQBR47p/pQBR47p.fna	./bakta_annotated/pQBR103/pQBR103.fna	99.5575	501	586
./bakta_annotated/pQBR47p/pQBR47p.fna	./bakta_annotated/pQBR103R/pQBR103R.fna	99.5575	501	586
./bakta_annotated/pQBR47p/pQBR47p.fna	./bakta_annotated/pQBR11d/pQBR11d.fna	97.9716	489	586
./bakta_annotated/pQBR47p/pQBR47p.fna	./bakta_annotated/pQBR51/pQBR51.fna	95.7509	118	586
./bakta_annotated/pQBR47p/pQBR47p.fna	./bakta_annotated/pQBR150/pQBR150.fna	95.7509	118	586
./bakta_annotated/pQBR49/pQBR49.fna	./bakta_annotated/pQBR49/pQBR49.fna	100	1013	1175
./bakta_annotated/pQBR49/pQBR49.fna	./bakta_annotated/pQBR43/pQBR43.fna	99.9891	872	1175
./bakta_annotated/pQBR49/pQBR49.fna	./bakta_annotated/pQBR4/pQBR4.fna	99.9888	935	1175
./bakta_annotated/pQBR49/pQBR49.fna	./bakta_annotated/pQBR47p/pQBR47p.fna	99.9863	588	1175
./bakta_annotated/pQBR49/pQBR49.fna	./bakta_annotated/pQBR5/pQBR5.fna	99.9861	935	1175
./bakta_annotated/pQBR49/pQBR49.fna	./bakta_annotated/pQBR50d/pQBR50d.fna	99.9845	918	1175
./bakta_annotated/pQBR49/pQBR49.fna	./bakta_annotated/pQBR106p/pQBR106p.fna	99.9695	197	1175
./bakta_annotated/pQBR49/pQBR49.fna	./bakta_annotated/pQBR124/pQBR124.fna	99.9506	850	1175
./bakta_annotated/pQBR49/pQBR49.fna	./bakta_annotated/pQBR103/pQBR103.fna	99.5227	848	1175
./bakta_annotated/pQBR49/pQBR49.fna	./bakta_annotated/pQBR103R/pQBR103R.fna	99.5227	848	1175
./bakta_annotated/pQBR49/pQBR49.fna	./bakta_annotated/pQBR44d/pQBR44d.fna	99.483	256	1175
./bakta_annotated/pQBR49/pQBR49.fna	./bakta_annotated/pQBR11d/pQBR11d.fna	98.6329	831	1175
./bakta_annotated/pQBR5/pQBR5.fna	./bakta_annotated/pQBR5/pQBR5.fna	100	933	933
./bakta_annotated/pQBR5/pQBR5.fna	./bakta_annotated/pQBR124/pQBR124.fna	99.9978	849	933
./bakta_annotated/pQBR5/pQBR5.fna	./bakta_annotated/pQBR43/pQBR43.fna	99.9964	868	933
./bakta_annotated/pQBR5/pQBR5.fna	./bakta_annotated/pQBR50d/pQBR50d.fna	99.9894	910	933
./bakta_annotated/pQBR5/pQBR5.fna	./bakta_annotated/pQBR106p/pQBR106p.fna	99.9888	197	933
./bakta_annotated/pQBR5/pQBR5.fna	./bakta_annotated/pQBR4/pQBR4.fna	99.9864	933	933
./bakta_annotated/pQBR5/pQBR5.fna	./bakta_annotated/pQBR49/pQBR49.fna	99.9804	933	933
./bakta_annotated/pQBR5/pQBR5.fna	./bakta_annotated/pQBR47p/pQBR47p.fna	99.9434	586	933
./bakta_annotated/pQBR5/pQBR5.fna	./bakta_annotated/pQBR44d/pQBR44d.fna	99.75	253	933
./bakta_annotated/pQBR5/pQBR5.fna	./bakta_annotated/pQBR103/pQBR103.fna	99.5245	847	933
./bakta_annotated/pQBR5/pQBR5.fna	./bakta_annotated/pQBR103R/pQBR103R.fna	99.5245	847	933
./bakta_annotated/pQBR5/pQBR5.fna	./bakta_annotated/pQBR11d/pQBR11d.fna	98.6367	831	933
./bakta_annotated/pQBR50d/pQBR50d.fna	./bakta_annotated/pQBR50d/pQBR50d.fna	100	925	1126
./bakta_annotated/pQBR50d/pQBR50d.fna	./bakta_annotated/pQBR43/pQBR43.fna	99.9959	873	1126
./bakta_annotated/pQBR50d/pQBR50d.fna	./bakta_annotated/pQBR5/pQBR5.fna	99.9939	911	1126
./bakta_annotated/pQBR50d/pQBR50d.fna	./bakta_annotated/pQBR47p/pQBR47p.fna	99.9923	588	1126
./bakta_annotated/pQBR50d/pQBR50d.fna	./bakta_annotated/pQBR4/pQBR4.fna	99.9915	913	1126
./bakta_annotated/pQBR50d/pQBR50d.fna	./bakta_annotated/pQBR124/pQBR124.fna	99.9903	826	1126
./bakta_annotated/pQBR50d/pQBR50d.fna	./bakta_annotated/pQBR49/pQBR49.fna	99.9806	912	1126
./bakta_annotated/pQBR50d/pQBR50d.fna	./bakta_annotated/pQBR106p/pQBR106p.fna	99.8308	198	1126
./bakta_annotated/pQBR50d/pQBR50d.fna	./bakta_annotated/pQBR44d/pQBR44d.fna	99.7461	253	1126
./bakta_annotated/pQBR50d/pQBR50d.fna	./bakta_annotated/pQBR103/pQBR103.fna	99.5607	824	1126
./bakta_annotated/pQBR50d/pQBR50d.fna	./bakta_annotated/pQBR103R/pQBR103R.fna	99.5607	824	1126
./bakta_annotated/pQBR50d/pQBR50d.fna	./bakta_annotated/pQBR11d/pQBR11d.fna	98.6054	810	1126
./bakta_annotated/pQBR51/pQBR51.fna	./bakta_annotated/pQBR51/pQBR51.fna	100	732	732
./bakta_annotated/pQBR51/pQBR51.fna	./bakta_annotated/pQBR150/pQBR150.fna	100	732	732
./bakta_annotated/pQBR51/pQBR51.fna	./bakta_annotated/pQBR57/pQBR57.fna	99.9955	614	732
./bakta_annotated/pQBR51/pQBR51.fna	./bakta_annotated/pQBR56/pQBR56.fna	99.9955	614	732
./bakta_annotated/pQBR51/pQBR51.fna	./bakta_annotated/pQBR57R/pQBR57R.fna	99.9802	648	732
./bakta_annotated/pQBR51/pQBR51.fna	./bakta_annotated/pQBR102/pQBR102.fna	99.3654	610	732
./bakta_annotated/pQBR51/pQBR51.fna	./bakta_annotated/pQBR30/pQBR30.fna	99.1915	603	732
./bakta_annotated/pQBR51/pQBR51.fna	./bakta_annotated/pQBR47p/pQBR47p.fna	95.4454	120	732
./bakta_annotated/pQBR51/pQBR51.fna	./bakta_annotated/pQBR4/pQBR4.fna	95.1008	165	732
./bakta_annotated/pQBR53/pQBR53.fna	./bakta_annotated/pQBR53/pQBR53.fna	100	314	314
./bakta_annotated/pQBR53/pQBR53.fna	./bakta_annotated/pQBR55R/pQBR55R.fna	99.9978	280	314
./bakta_annotated/pQBR53/pQBR53.fna	./bakta_annotated/pQBR55/pQBR55.fna	99.997	313	314
./bakta_annotated/pQBR53/pQBR53.fna	./bakta_annotated/pQBR127/pQBR127.fna	99.7392	276	314
./bakta_annotated/pQBR53/pQBR53.fna	./bakta_annotated/pQBR28/pQBR28.fna	99.4028	272	314
./bakta_annotated/pQBR53/pQBR53.fna	./bakta_annotated/pQBR132/pQBR132.fna	95.5981	250	314
./bakta_annotated/pQBR55/pQBR55.fna	./bakta_annotated/pQBR55/pQBR55.fna	100	314	314
./bakta_annotated/pQBR55/pQBR55.fna	./bakta_annotated/pQBR55R/pQBR55R.fna	99.9842	280	314
./bakta_annotated/pQBR55/pQBR55.fna	./bakta_annotated/pQBR53/pQBR53.fna	99.9709	314	314
./bakta_annotated/pQBR55/pQBR55.fna	./bakta_annotated/pQBR127/pQBR127.fna	99.7273	276	314
./bakta_annotated/pQBR55/pQBR55.fna	./bakta_annotated/pQBR28/pQBR28.fna	99.3923	272	314
./bakta_annotated/pQBR55/pQBR55.fna	./bakta_annotated/pQBR132/pQBR132.fna	95.5494	253	314
./bakta_annotated/pQBR55/pQBR55.fna	./bakta_annotated/pQBR4/pQBR4.fna	94.4375	63	314
./bakta_annotated/pQBR55R/pQBR55R.fna	./bakta_annotated/pQBR55R/pQBR55R.fna	100	280	280
./bakta_annotated/pQBR55R/pQBR55R.fna	./bakta_annotated/pQBR53/pQBR53.fna	99.9989	280	280
./bakta_annotated/pQBR55R/pQBR55R.fna	./bakta_annotated/pQBR55/pQBR55.fna	99.9853	280	280
./bakta_annotated/pQBR55R/pQBR55R.fna	./bakta_annotated/pQBR127/pQBR127.fna	99.7417	276	280
./bakta_annotated/pQBR55R/pQBR55R.fna	./bakta_annotated/pQBR28/pQBR28.fna	99.4342	273	280
./bakta_annotated/pQBR55R/pQBR55R.fna	./bakta_annotated/pQBR132/pQBR132.fna	95.8096	248	280
./bakta_annotated/pQBR56/pQBR56.fna	./bakta_annotated/pQBR57/pQBR57.fna	100	614	614
./bakta_annotated/pQBR56/pQBR56.fna	./bakta_annotated/pQBR56/pQBR56.fna	100	614	614
./bakta_annotated/pQBR56/pQBR56.fna	./bakta_annotated/pQBR57R/pQBR57R.fna	99.9976	614	614
./bakta_annotated/pQBR56/pQBR56.fna	./bakta_annotated/pQBR51/pQBR51.fna	99.9975	614	614
./bakta_annotated/pQBR56/pQBR56.fna	./bakta_annotated/pQBR150/pQBR150.fna	99.9975	614	614
./bakta_annotated/pQBR56/pQBR56.fna	./bakta_annotated/pQBR102/pQBR102.fna	99.3569	611	614
./bakta_annotated/pQBR56/pQBR56.fna	./bakta_annotated/pQBR30/pQBR30.fna	99.2311	602	614
./bakta_annotated/pQBR57/pQBR57.fna	./bakta_annotated/pQBR57/pQBR57.fna	100	614	614
./bakta_annotated/pQBR57/pQBR57.fna	./bakta_annotated/pQBR56/pQBR56.fna	100	614	614
./bakta_annotated/pQBR57/pQBR57.fna	./bakta_annotated/pQBR57R/pQBR57R.fna	99.9976	614	614
./bakta_annotated/pQBR57/pQBR57.fna	./bakta_annotated/pQBR150/pQBR150.fna	99.9975	614	614
./bakta_annotated/pQBR57/pQBR57.fna	./bakta_annotated/pQBR51/pQBR51.fna	99.9975	614	614
./bakta_annotated/pQBR57/pQBR57.fna	./bakta_annotated/pQBR102/pQBR102.fna	99.3569	611	614
./bakta_annotated/pQBR57/pQBR57.fna	./bakta_annotated/pQBR30/pQBR30.fna	99.2311	602	614
./bakta_annotated/pQBR57R/pQBR57R.fna	./bakta_annotated/pQBR57R/pQBR57R.fna	100	648	648
./bakta_annotated/pQBR57R/pQBR57R.fna	./bakta_annotated/pQBR57/pQBR57.fna	99.9975	614	648
./bakta_annotated/pQBR57R/pQBR57R.fna	./bakta_annotated/pQBR56/pQBR56.fna	99.9975	614	648
./bakta_annotated/pQBR57R/pQBR57R.fna	./bakta_annotated/pQBR150/pQBR150.fna	99.992	648	648
./bakta_annotated/pQBR57R/pQBR57R.fna	./bakta_annotated/pQBR51/pQBR51.fna	99.992	648	648
./bakta_annotated/pQBR57R/pQBR57R.fna	./bakta_annotated/pQBR102/pQBR102.fna	99.3526	611	648
./bakta_annotated/pQBR57R/pQBR57R.fna	./bakta_annotated/pQBR30/pQBR30.fna	99.2202	602	648
